@id,http://data.europeana.eu/agent/base/146951,full_coverage
dc:identifier{Literal},32197206,dc:identifier{Literal}
rdaGr2:biographicalInformation{Literal}@ar,وولفغانغ أماديوس موزارت (27 يناير1756 - 5 ديسمبر1791) ولد في 27 يناير1756 في سالزبورغ بالنمسا مؤلف موسيقي نمساوي يعتبر من أشهر العباقرة المبدعين في تاريخ الموسيقى رغم أن حياته كانت قصيرة، فقد مات عن عمر يناهز الـ 35 عاماً بعد أن نجح في إنتاج 626 عمل موسيقي. قاد اوركسترا وهو في السابعة من عمره ولم يمشي في جنازته سوى خمس اشخاص فقط ليس من بينهم زوجته لان الجو كان شديد البرودة في تلك الأوقات في هذه المنطقة .,rdaGr2:biographicalInformation{Literal}@ar
rdaGr2:biographicalInformation{Literal}@az,"Volfqanq Amadeus Mosart (Wolfgang Amadeus Mozart) (27 yanvar 1756, Zaltsburq – 5 dekabr 1791, Vyana) – dahi Avstriya bəstəkarı, Avropa klassik musiqisinin ən nüfuzlu nümayəndələrindən biri.Mosart bəstəkarlıqla yanaşı, eyni zamanda mahir skripkaçı, klavesin və orqan ifaçısı və dirijor da olmuşdur. Müasirlərinin dediyinə görə dahi bəstəkar qeyri-adi musiqi duyumu, eşitdiyi musiqiləri yadda saxlama və improvizə etmə kimi fenomenal qabiliyyətlərə malik olmuşdur. Yaratdığı 600-dən çox əsəri simfonik, konsert, kamera, piano, xor kimi klassik musiqi janrlarının ən yüksək zirvələrində qərarlaşıb. Onun əsərləri dünyanın ən nüfuzlu orkestrlərinin konsert reperturlarının ayrılmaz parçasını təşkil edir.",rdaGr2:biographicalInformation{Literal}@az
rdaGr2:biographicalInformation{Literal}@be,"Вольфганг Амадэй Моцарт, поўнае імя Іага́н Хрызасто́м Во́льфганг Тэафіл Моцарт, (ням.: Joannes Chrysostomus Wolfgang Theophilus Mozart [ˈvɔlfɡaŋ amaˈdeus ˈmoːtsaʁt], 27 студзеня 1756, Зальцбург — 5 снежня 1791, Вена) — аўстрыйскі кампазітар. Выбітны прадстаўнік Венскай класічнай школы кампазіцыі. Быў таксама віртуозным скрыпачом, клавесіністам, арганістам, дырыжорам. Па сведчаннях сучаснікаў, валодаў фенаменальным музычным слыхам, памяццю і здольнасцю да імправізацыі.",rdaGr2:biographicalInformation{Literal}@be
rdaGr2:biographicalInformation{Literal}@bg,"Волфганг Амадеус Моцарт (на немски: Johann Chrysostom Wolfgang Amadeus Mozart, произношение на немски произношение на немски) е плодовит и влиятелен австрийски композитор от класическата епоха.Неговото творчество е огромно по обем и обхваща всички музикални жанрове на класическата музика, съществуващи през неговото време — общо над 600 композиции, много от които се смятат за връх в симфоничната, концертната, камерната, клавирната, оперната и хоровата музика. Той е сред най-популярните класически композитори.Моцарт проявява забележителни способности от най-ранна възраст. Той притежава феноменален музикален слух, изключителна памет и блестящ изпълнителски, импровизаторски и композиторски дар. На основата на немския зингшпил и на италианската опера-буфа създава класическите опери ""Отвличане от сарая"", ""Сватбата на Фигаро"", ""Дон Жуан"" и ""Вълшебната флейта"". Автор е на 41 симфонии, 27 концерта за пиано и оркестър, 5 концерта за цигулка и оркестър, 9 концерта за духови инструменти и оркестър, камерна музика, клавирни творби, арии, серенади („Малка нощна музика“), ""Реквием"" и други. Собственият му каталог се води от 9 февруари 1784 г., като до тогава вече е написал около 450 творби.",rdaGr2:biographicalInformation{Literal}@bg
rdaGr2:biographicalInformation{Literal}@bs,"Wolfgang Amadeus Mozart (27. januar 1756 – 5. decembar 1791) (Volfgang Amadeus Mocart; puno ime Joannes Chrysostomus Wolfgangus Theophilus Mozart) je rođen 27. januara 1756. u Salzburgu, danas u Austriji ali tad glavni grad male nezavisne nadbiskupije u Svetom Rimskom Carstvu.Mozartova muzička vještina je bila vidljiva čak i kad je bio samo par godina star.Otac mu je bio Leopold Mozart, veoma značajan u životu svoga sina. Bio je veoma obrazovan i također jedan od vodećih evropskih nastavnika muzike, čija uticajna knjiga ""Pisani članak o osnovama sviranja violine"" (Versuch einer grundlichen Violinschule) je bila objavljena 1756. iste godine kad je Mozart rođen. Otac ga je naučio da svira klavir.Život Mozarta je trijumf genija nad ranim sazrijevanjem. Brzo je učio, i svoje prve kompozicije piše već u petoj godini života. Stari Goethe koji je kao mlad čovjek čuo sedmogodišnjeg dječaka kako drži koncert u Frankfurtu, smatrao ga je nedostižnim u muzici, rame uz rame sa Rafaelom i Šekspirom u njihovim područjima umjetničkog djelovanja.",rdaGr2:biographicalInformation{Literal}@bs
rdaGr2:biographicalInformation{Literal}@ca,"Wolfgang Amadeus Mozart (Salzburg, 27 de gener de 1756 − Viena, 5 de desembre de 1791) fou un compositor de música clàssica. Probablement el músic més prodigiós, les seves primerenques gires per Europa el van fer famós i el van familiaritzar amb els estils musicals europeus, que després va sintetitzar a les seves obres. Únic en la història de la música gràcies als seus assoliments en tot tipus de gèneres i formes, així com per la seva sorprenent fluïdesa de composició, va ser el primer compositor important que va intentar establir una carrera musical «independent».",rdaGr2:biographicalInformation{Literal}@ca
rdaGr2:biographicalInformation{Literal}@cs,"Wolfgang Amadeus Mozart, jméno podle křestního záznamu Joannes Chrysostomus Wolfgangus Theophilus Mozart (27. ledna 1756, Salzburg – 5. prosince 1791, Vídeň) byl klasicistní hudební skladatel a klavírní virtuos; geniální hudebník, který za svého života vytvořil 626 děl světského i duchovního charakteru – opery, symfonie, koncerty, komorní hudbu, mše a chorály.Ve svém dětství koncertoval po celé Evropě. Poté, co opustil pozici dvorního skladatele v Salzburgu, nenalezl již přes svou proslulost stálé placené místo pro zajištění existence své rodiny. Nechtěl sloužit jako lokaj aristokratické společnosti a přál si zůstat svobodným umělcem. Mezi jeho nejproslulejší díla se řadí opery Figarova svatba a Don Giovanni a jeho poslední monumentální, i když nedokončený opus, zádušní mše Requiem d moll (KV 626).",rdaGr2:biographicalInformation{Literal}@cs
rdaGr2:biographicalInformation{Literal}@cy,"Roedd Wolfgang Amadeus Mozart (27 Ionawr 1756 - 5 Rhagfyr 1791) yn un o gyfansoddwyr mwyaf dylanwadol a diwyd y cyfnod Clasurol. Fe'i ganwyd yn Salzburg, Awstria a dechreuodd gyfansoddi darnau pan oedd yn bump oed. Pan roedd yn dal yn blentyn aeth ei dad, Leopold Mozart, ag ef i chwarae o flaen teuluoedd crand Ewrop. Mae'n bosibl fod yr holl deithio wedi achosi problemau iechyd iddo yn hwyrach yn ei fywyd. Ei wraig oedd Constanze Weber. Plant: Karl Thomas Mozart a Franz Xaver Wolfgang Mozart; cyfansoddwr oedd Franz.Bu farw ym 1791 yn drychinebus o ifanc, yn dlawd, ond wedi cyfansoddi cannoedd o ganeuon sy'n adnabyddus hyd heddiw.Mae Mozart wedi ysgrifennu 68 symffoni, 27 concerto piano, yn ogystal â choncerti i'r clarinet, y corn Ffrengig, yr obo, y fiola, y ffidil, y ffliwt a'r telyn.",rdaGr2:biographicalInformation{Literal}@cy
rdaGr2:biographicalInformation{Literal}@da,"Wolfgang Amadeus Mozart, døbt Johannes Chrysostomus Wolfgangus Theophilus Mozart, (27. januar 1756 i Salzburg – 5. december 1791 i Wien) var en østrigsk komponist. Han er almindeligt anerkendt som en af de største komponister af klassisk musik. Han er en af wienerklassikkens mestre og en af de mest populære komponister nogensinde.Mozart var, ligesom sin søster Maria Anna Mozart, et vidunderbarn. Han spillede cembalo fra han var tre år og begyndte at komponere som femårig og optrådte for kongelige i Europa. Senere spillede han også klaver og violin. Da han var 17 blev han ansat som hofmusiker i Salzburg, men blev blev rastløs, og rejste for at finde sig en bedre ansættelse, alt imens han komponerede mange værker. Da han besøgte Wien i 1781, blev han fyret fra sin position i Salzburg. Han valgte at blive i hovedstaden, hvor han opnåede berømmelse, men lidet økonomisk sikkerhed. I løbet af sine sidste år i Wien komponerede han mange af hans bedst kendte symfonier, koncerter, operaer og dele af hans Requiem, som blev efterladt ufærdigt ved hans død. Omstændighederne ved hans tidelige død er siden blev genstand for megen mystik. Han efterlod sig sin kone Constanze og deres to sønner.Selvom han døde kun 35 år gammel, skabte han et omfangsrigt livsværk, der dækkede alle hans tids musikalske genrer: operaer, balletmusik, symfonier, solokoncerter (for klaver, violin og bratsch, valdhorn, tværfløjte, klarinet og obo), messer, lieder, strygekvartetter, sonater og megen anden kammermusik.[Kilde mangler] Han regnes også blandt de største operakomponister. Alle Mozarts værker er blevet katalogiseret af Ludwig von Köchel i KV (Köchel-Verzeichnis). Hvert værk er registreret med angivelse af KV-registreringsnummer. Fx står KV 525 entydigt for Eine kleine Nachtmusik. Denne kategorisering er den mest benyttede til reference af hans værker.",rdaGr2:biographicalInformation{Literal}@da
rdaGr2:biographicalInformation{Literal}@de,"Wolfgang Amadeus Mozart, mit vollständigem Taufnamen: Joannes Chrysostomus Wolfgangus Theophilus Mozart, (* 27. Jänner 1756 in Salzburg, Fürsterzbistum Salzburg; † 5. Dezember 1791 in Wien), war ein Komponist der Wiener Klassik. Sein umfangreiches Werk genießt weltweite Popularität und gehört zum Bedeutendsten im Repertoire klassischer Musik. Er selbst nannte sich meist Wolfgang Amadé Mozart.",rdaGr2:biographicalInformation{Literal}@de
rdaGr2:biographicalInformation{Literal}@el,"Ο Βόλφγκανγκ Αμαντέους Μότσαρτ (γερμ.: Wolfgang Amadeus Mozart, βαφτίστηκε Johannes Chrysostomus Wolfgangus Theophilus Mozart) (Σάλτσμπουργκ, 27 Ιανουαρίου 1756 - Βιέννη, 5 Δεκεμβρίου 1791) είναι ένας από τους σημαντικότερους συνθέτες κλασικής μουσικής. Μαζί με τον Γιόζεφ Χάυντν, τον Λούντβιχ βαν Μπετόβεν και τον Φραντς Σούμπερτ αποτελούν τους σημαντικότερους εκπροσώπους του λεγόμενου βιεννέζικου κλασικισμού, του κλασικισμού και τη λεγόμενη «Πρώτη Σχολή της Βιέννης» . Συνέθεσε περισσότερα από 600 έργα, μουσική δωματίου, συμφωνική και εκκλησιαστική μουσική, καθώς και μικρότερες συνθέσεις: παραλλαγές, φαντασίες, σονάτες, άριες κ.α.",rdaGr2:biographicalInformation{Literal}@el
rdaGr2:biographicalInformation{Literal}@en,"Wolfgang Amadeus Mozart (German: [ˈvɔlfɡaŋ amaˈdeus ˈmoːtsaʁt], English see fn.; 27 January 1756 – 5 December 1791), baptised as Johannes Chrysostomus Wolfgangus Theophilus Mozart, was a prolific and influential composer of the Classical era.Mozart showed prodigious ability from his earliest childhood. Already competent on keyboard and violin, he composed from the age of five and performed before European royalty. At 17, he was engaged as a court musician in Salzburg, but grew restless and travelled in search of a better position, always composing abundantly. While visiting Vienna in 1781, he was dismissed from his Salzburg position. He chose to stay in the capital, where he achieved fame but little financial security. During his final years in Vienna, he composed many of his best-known symphonies, concertos, and operas, and portions of the Requiem, which was largely unfinished at the time of his death. The circumstances of his early death have been much mythologized. He was survived by his wife Constanze and two sons.He composed over 600 works, many acknowledged as pinnacles of symphonic, concertante, chamber, operatic, and choral music. He is among the most enduringly popular of classical composers, and his influence on subsequent Western art music is profound; Beethoven composed his own early works in the shadow of Mozart, and Joseph Haydn wrote that ""posterity will not see such a talent again in 100 years.""",rdaGr2:biographicalInformation{Literal}@en
rdaGr2:biographicalInformation{Literal}@es,"Wolfgang Amadeus Mozart, cuyo nombre completo era Joannes Chrysostomus Wolfgangus Theophilus Mozart, (Salzburgo, 27 de enero de 1756-Viena, 5 de diciembre de 1791), fue un compositor y pianista austriaco, maestro del Clasicismo, considerado como uno de los músicos más influyentes y destacados de la historia. La obra mozartiana abarca todos los géneros musicales de su época y alcanza más de seiscientas creaciones, en su mayoría reconocidas como obras maestras de la música sinfónica, concertante, de cámara, para piano, operística y coral, logrando una popularidad y difusión universales.En su niñez más temprana en Salzburgo, Mozart mostró una capacidad prodigiosa en el dominio de instrumentos de teclado y del violín. Con tan solo cinco años ya componía obras musicales y sus interpretaciones eran del aprecio de la aristocracia y realeza europea. A los diecisiete años fue contratado como músico en la corte de Salzburgo, pero su inquietud le llevó a viajar en busca de una mejor posición, siempre componiendo de forma prolífica. Durante su visita a Viena en 1781, tras ser despedido de su puesto en la corte, decidió instalarse en esta ciudad donde alcanzó la fama que mantuvo el resto de su vida, a pesar de pasar por situaciones financieras difíciles. En sus años finales, compuso muchas de sus sinfonías, conciertos y óperas más conocidas, así como su Réquiem. Las circunstancias de su temprana muerte han sido objeto de numerosas especulaciones y elevadas a la categoría de mito. En palabras de críticos de música como Nicholas Till, Mozart siempre aprendía vorazmente de otros músicos y desarrolló un esplendor y una madurez de estilo que abarcó desde la luz y la elegancia, a la oscuridad y la pasión —todo bien fundado por una visión de la humanidad «redimida por el arte, perdonada y reconciliada con la naturaleza y lo absoluto»—. Su influencia en toda la música occidental posterior es profunda; Ludwig van Beethoven escribió sus primeras composiciones a la sombra de Mozart, de quien Joseph Haydn escribió que «la posteridad no verá tal talento otra vez en cien años».",rdaGr2:biographicalInformation{Literal}@es
rdaGr2:biographicalInformation{Literal}@et,"Wolfgang Amadeus Mozart [m'ootsart] (ristinimi Joannes Chrysostomus Wolfgangus Theophilus Mozart; 27. jaanuar 1756 Salzburg – 5. detsember 1791 Viin) oli austria helilooja, Viini klassikalise koolkonna esindaja.",rdaGr2:biographicalInformation{Literal}@et
rdaGr2:biographicalInformation{Literal}@eu,"Wolfgang Amadeus Mozart (Salzburg, 1756ko urtarrilaren 27a-Viena, 1791ko abenduaren 5a) aro klasikoko austriar konpositore handi eta emankorra izan zen. 600 obra baino gehiago konposatu zituen; haietako asko, musikagintzaren gailurtzat aitortuak hainbat arlotan: opera, musika sakratua, ganbera-musika, orkestrarakoa, (sinfoniak eta abar. Konpositore klasikoen artean ezagunenetarikoa da.",rdaGr2:biographicalInformation{Literal}@eu
rdaGr2:biographicalInformation{Literal}@fi,"Wolfgang Amadeus Mozart, kastenimeltään Johannes Chrysostomus Wolfgangus Theophilus Mozart (27. tammikuuta 1756 Salzburg – 5. joulukuuta 1791 Wien) oli itävaltalainen klassismin ajan säveltäjä. Hänet sijoitetaan eurooppalaisen taidemusiikin suurimpien säveltäjien joukkoon. Mozart sävelsi kaikkia aikansa teostyyppejä. Hänen arvostetuimpia teoksiaan löytyy niin sinfonia-, ooppera- kuin konsertto- ja kamarimusiikinkin puolelta.",rdaGr2:biographicalInformation{Literal}@fi
rdaGr2:biographicalInformation{Literal}@fr,"Joannes Chrysostomus Wolfgangus Theophilus Mozart, ou Wolfgang Amadeus Mozart (né à Salzbourg, principauté du Saint-Empire romain germanique, le 27 janvier 1756, mort à Vienne le 5 décembre 1791), est un compositeur. Mort à trente-cinq ans, il laisse une œuvre importante (six cent vingt-six œuvres sont répertoriées dans le catalogue Köchel), qui embrasse tous les genres musicaux de son époque. Selon le témoignage de ses contemporains, il était, au piano comme au violon, un virtuose.On reconnaît généralement qu'il a porté à un point de perfection le concerto, la symphonie, et la sonate, qui devinrent après lui les principales formes de la musique classique, et qu'il fut un des plus grands maîtres de l'opéra. Son succès ne s'est jamais démenti. Son nom est passé dans le langage courant comme synonyme de génie, de virtuosité et de maîtrise parfaite.",rdaGr2:biographicalInformation{Literal}@fr
rdaGr2:biographicalInformation{Literal}@ga,"Wolfgang Amadeus Mozart (Johannes Chrysostomus Wolfgang Theophilus Mozart) (27 Eanáir, 1756 – 5 Nollaig, 1791), duine de na cumadóirí ba thábhachtaí is ab iomráití i gceol clasaiceach na hEorpa. Rugadh é in Salzburg na hOstaire. Ba Wunderkind é i gcúirteanna na hEorpa san 18ú haois. É ina rímháistir ar an veidhlín agus ar an bpianó, má b'fhíor do lucht a linne. Admhaítear go raibh sé ar mháistrí móra an cheoldráma, agus gur thug sé an coinseartó, an siansa agus an tsonáid chun forfeachta, foirmeacha a tháinig chun tosaigh sa cheol clasaiceach ina dhiaidh sin.",rdaGr2:biographicalInformation{Literal}@ga
rdaGr2:biographicalInformation{Literal}@gd,"B' e Wolfgang Amadeus Mozart (27 am Faoilleach 1756 – 5 an Dùbhlachd 1791) cumadair-ciùil air feadh àm clasaigeach, às an Ostair. Sgrìobh e nas motha na 600 obraichean agus tha fèill mhòr air an obair aige fhathast. Bha e na phòsta agus bha dà mhac a mhairinn aige. Chaochail e nuair a bha e 35 bliadhna a dh'aois agus tha miotas air a bhàs an-diugh. Tha ceòl aig Mozart gu math ainmeil agus buadhmhor.",rdaGr2:biographicalInformation{Literal}@gd
rdaGr2:biographicalInformation{Literal}@gl,"Johannes Chrysostomus Wolfgangus Theophilus Mozart máis coñecido co nome de Wolfgang Amadeus Mozart (ˈvɔlfgaŋ amaˈdeus ˈmoːtsart), nado en Salzburgo o 27 de xaneiro de 1756 e finado en Viena o 5 de decembro de 1791, está considerado como un dos máis grandes compositores de música clásica europea.A obra mozartiana abarca todos os xéneros musicais da súa época e alcanza máis de seiscentas creacións, na súa maioría recoñecidas como obras mestras da música sinfónica, concertante, de cámara, para piano, operística e coral, logrando unha popularidade e difusión universais.Na súa nenez máis temperá en Salzburgo, Mozart mostrou unha capacidade prodixiosa no dominio de instrumentos de teclado e do violín. Con tan só cinco anos xa compuña obras musicais e as súas interpretacións eran do aprecio da aristocracia e realeza europea. Aos dezasete anos foi contratado como músico na corte de Salzburgo, pero a súa inquietude levoulle a viaxar en busca dunha mellor posición, sempre compondo de forma prolífica. Durante a súa visita a Viena en 1781, tras ser despedido do seu posto na corte, decidiu instalarse nesta cidade onde alcanzou a fama que mantivo o resto da súa vida, a pesar de pasar por situacións financeiras difíciles. Nos seus anos finais, compuxo moitas das súas sinfonías, concertos e óperas máis coñecidas, así como a súa Réquiem. As circunstancias da súa temperá morte foron obxecto de numerosas especulacións e elevada á categoría de mito. En palabras de críticos de música como Nicholas Till, Mozart sempre aprendía vorazmente doutros músicos e desenvolveu un esplendor e unha madurez de estilo que abarcou desde a luz e a elegancia, á escuridade e a paixón -todo ben fundado por unha visión da humanidade «redimida pola arte, perdoada e reconciliada coa natureza e o absoluto»-.A súa influencia en toda a música occidental posterior é profunda; Ludwig van Beethoven escribiu as súas primeiras composicións á sombra de Mozart, de quen Joseph Haydn escribiu que «a posteridade non verá tal talento outra vez en cen anos».",rdaGr2:biographicalInformation{Literal}@gl
rdaGr2:biographicalInformation{Literal}@he,"וולפגנג אמדאוס מוצרט (שם מלא: יוהנס כריסוסטומוס וולפגנגוס תאופילוס מוצרט; בלטינית: Johannes Chrysostomus Wolfgangus Theophilus Mozart;‏ 27 בינואר 1756 – 5 בדצמבר 1791), מלחין אוסטרי. מספר היצירות שחיבר במהלך חייו הקצרים ואיכותן יוצאת הדופן מעמידות אותו כאחד מגדולי המלחינים הקלאסיים של כל הזמנים.מוצרט הלחין במשך 35 שנות חייו מאות יצירות ידועות, אשר מקוטלגות ברשימת קכל מ-K.1a עד K.626. המוזיקה אשר חיבר הושפעה, אמנם, ממלחינים אחרים, הבולטים בהם יוזף היידן ויוהאן כריסטיאן באך, אך הוא הביא עמו סגנון חדש ורענן אל התקופה הקלאסית, והיה אחד מהמלחינים הבולטים בה. מוצרט תרם רבות למוזיקה הקלאסית, והמוזיקה אשר חיבר שימשה השראה רבה ובולטת לשורת מלחינים (בכללם הגדולים והידועים ביותר).",rdaGr2:biographicalInformation{Literal}@he
rdaGr2:biographicalInformation{Literal}[0]@hi,"वोल्फ़गांक आमडेयुस मोत्सार्ट (जर्मन: Wolfgang Amadeus Mozart) (27 जनवरी 1756 - 5 दिसंबर 1791) एक प्रसिद्ध जर्मन पाश्चात्य शास्त्रीय संगीतज्ञ थे। उन्होने लगभग ६०० संगीत रचनाएँ की। शास्त्रीय संगीतकारों में वे सर्वाधिक लोकप्रिय हैं। यह जीवनचरित लेख अपनी प्रारम्भिक अवस्था में है, यानि कि एक आधार है। आप इसे बढ़ाकर विकिपीडिया की सहायता कर सकते है।",rdaGr2:biographicalInformation{Literal}[0]@hi
rdaGr2:biographicalInformation{Literal}[1]@hi,"वोल्फ़गांक आमडेयुस मोत्सार्ट (जर्मन: Wolfgang Amadeus Mozart) (27 जनवरी 1756 - 5 दिसंबर 1791) एक प्रसिद्ध जर्मन पाश्चात्य शास्त्रीय संगीतज्ञ थे। उन्होने लगभग ६०० संगीत रचनाएँ की। शास्त्रीय संगीतकारों में वे सर्वाधिक लोकप्रिय हैं। यह जीवनचरित लेख अपनी प्रारम्भिक अवस्था में है, यानि कि एक आधार है। आप इसे बढ़ाकर विकिपीडिया की सहायता कर सकते है। <span id=""interwiki-he-fa"" /><span id=""interwiki-id-fa"" /><span id=""interwiki-lv-fa"" />",rdaGr2:biographicalInformation{Literal}[1]@hi
rdaGr2:biographicalInformation{Literal}@hr,"Wolfgang Amadeus Mozart (Salzburg, 27. siječnja 1756. - Beč, 5. prosinca 1791.), austrijski skladatelj.Wolfgang Amadeus Mozart je, prema ocjeni mnogih, jedan od najgenijalnijih skladatelja u povijesti glazbe. Mozart je bio čudo od djeteta, dječak koji je prije poznavao note nego slova i koji je već s tri godine počeo skladati jednostavne pjesmice, a s pet održavati koncerte.",rdaGr2:biographicalInformation{Literal}@hr
rdaGr2:biographicalInformation{Literal}@hu,"Wolfgang Amadeus Mozart (teljes nevén Johannes Chrysostomus Wolfgangus Theophilus Mozart) (Salzburg, 1756. január 27. – Bécs, 1791. december 5.) osztrák klasszicista zeneszerző, zongorista, karnagy és zenepedagógus. Zenei tehetsége korán megmutatkozott, első zeneműveit hatévesen improvizálta, édesapja, Leopold Mozart pedig lejegyezte azokat. Leopold Mozart a salzburgi érseki udvar muzsikusa volt, mindent megtett annak érdekében, hogy fia minél alaposabb zenei képzésben részesüljön. Amint nyilvánvaló lett számára Wolfgang rendkívüli tehetsége, úgy érezte, hogy kötelessége azt megmutatni az embereknek. Ennek érdekében hosszú koncertkörutak egész sorát szervezte meg gyermekei számára, amelyek során a csodagyerekek a korabeli Európa szinte valamennyi jelentős zenei és uralkodói központjába eljutottak. A fiatal Mozartnak így lehetősége nyílt megismernie a korabeli Itália, Párizs, London, Bécs zenei világát. Tizenegy évesen már egész estét betöltő vígoperát komponált, tizennégy évesen pedig megírta első opera seriáját.Két itáliai utazásuk után apa és fia hosszabb időt töltött Salzburgban, majd miután az új érsek Hieronimo Colloredo nem engedélyezte az apa hosszabb időre való eltávozását, Mozart az édesanyjával indult utolsó nagy koncertkörútjára, amelynek során Párizsba utaztak. Útközben hosszabb időt töltöttek Mannheimben, ahol Mozart megismerte első nagy szerelmét, Aloysia Webert. Párizsban aztán nem sikerült állást találnia, ráadásul édesanyja megbetegedett és meghalt. Miután hazautazott, az érseki udvar muzsikusa lett. 1781-ben a müncheni városi színház felkérte, hogy komponáljon új operát a karneváli szezonra. Mozart elvállalta a feladatot, és megírta az Idomeneót, amely nagy sikert aratott. A bemutató után a városban töltötte az egész farsangi időszakot, majd rokonaihoz utazott Augsburgba. Innen rendelte magához Hieronymous Colloredo érsek Bécsbe. A császárvárosban többször is megalázóan bánt Mozarttal, aki ezt nem hagyta szó nélkül. Végül úgy megsértette a főpapot, hogy szó szerint kidobták az érseki palotából, Bécsben.Mozart ekkor végleg szakított a salzburgi érseki udvarral. Bécsben telepedett le, ahol elsősorban tanításból tartotta fenn magát. 1782-ben feleségül vette Costanza Webert. Még ebben az évben bemutatta Szöktetés a szerájból című daljátékát, amely első komoly operasikere volt Bécsben. Közben apja megbékélt a Weber családdal, akikkel szemben a kezdettől fogva ellenszenvet érzett. Ennek eredményeképpen meghívta fiát és feleségét, hogy látogassák meg Salzburgban. A fiatal házaspár eleget is tett a kérésnek, majd ők hívták vissza Leopoldot Bécsbe. Mozart közben hasztalan próbált szert tenni jól jövedelmező állásra. Összeismerkedett Haydnnal, akinek hat vonósnégyesét ajánlotta. 1786-ban megírta első közös operáját Da Pontéval, a Figaro házasságát. A darab a szerzők elleni intrika miatt nem sokáig volt műsoron Bécsben, de Prágában nagy sikert aratott. A cseh főváros meg is hívta Mozartot, hogy személyesen vezényelje az opera néhány előadását a városban, illetve, hogy koncertezzen a városban. A prágai színház új operát is rendelt tőle. Nem sokkal Bécsbe való visszatérése után Mozart értesült édesapja haláláról, akinek nem utazott haza a temetésére. 1787-ben a Don Giovannit óriási sikerrel mutatták be Prágában.A Don Giovanni ezután Bécsben is nagy sikert aratott, ennek következtében II. József új operamegbízást adott a zeneszerzőnek. Ennek az eredménye az 1790-ben bemutatott Così fan tutte lett. Még ebben az évben meghalt a császár. Utódja, II. Lipót nem hívta meg Mozartot a koronázási ünnepségeire, de a zeneszerző saját szakállára mégis elutazott arra Frankfurtba. Mivel nem tudta magára vonni az uralkodó figyelmét, végül csalódottan utazott haza. Közben egyre többet betegeskedett. Nem sokkal Bécsbe való visszatérése után Emanuel Schikaneder színházigazgató rendelt tőle új operát, aminek ő maga írta a librettóját. Közben Prágából is felkérést kapott: operát rendeltek tőle II. Lipót cseh királlyá koronázására. Mozart eleget tett a kérésnek, minden más munkáját félbe hagyva megkomponálta a Titus kegyelmét, amely szép sikert aratott. Nem sokkal utolsó operája, A varázsfuvola bemutatója után ágynak esett. Egy rövid időre jobban lett, de 1791. november 20. után már nem volt képes elhagyni otthonát. December 5-én hajnali egy óra körül hunyt el.",rdaGr2:biographicalInformation{Literal}@hu
rdaGr2:biographicalInformation{Literal}@hy,"Վոլֆգանգ Ամադեուս Մոցարտ (գերմ.՝ Wolfgang Amadeus Mozart, 1756 թ. հունվարի 27 - 1791 թ. դեկտեմբերի 5), ավստրիացի նշանավոր երգահան։ Իր կյանքի ընթացքում գրել է 600-ից ավելի ստեղծագործություն։ Նա աշխարհի բոլոր ժամանակների ամենանշանավոր եվրոպական երաժիշտներից է, իսկ նրա գործերը այսօր լայնորեն կատարվում են դասական երաժշտության համերգների ընթացքում։",rdaGr2:biographicalInformation{Literal}@hy
rdaGr2:biographicalInformation{Literal}@is,"Wolfgang Amadeus Mozart fæddur Johannes Chrysostomus Wolfgangus Theophilus Mozart, 27. janúar 1756 – 5. desember 1791) var eitt mikilvægasta og áhrifamesta tónskáld Klassíska tónlistartímabilinu í Evrópu. Þrátt fyrir stutta ævi náði Mozart að koma frá sér rúmum sex hundruð verkum af ýmsum toga. Hann samdi óperur, Sinfóníur, píanó konserta, píanó sónötur, kammerverk, svo fátt eitt sé nefnd. Mozart litli var aðeins fjögurra ára þegar Leopold fannst tími til kominn að kenna stráknum á píanó. Leopold vissi ekki að Wolfgang hafði æft sig í laumi og varð yfir sig hissa þegar hann uppgötvaði að strákurinn gat leikið heilt lag á píanóið án þess að ruglast. Frægðin sem hafði fylgt því að geta leikið snilldarlega á hljóðfæri ungur að árum dofnaði hratt.Leopold Mozart pabbi Wolfgangs var ættaður frá Bæjaralandi og var tónlistarmaður við hirð Sigismunds von Schrattenbach erkibiskupnum í Salzburg. Móðir Wolfgangs, Anna María fæddist í Pertl árið 1720, einu ári á eftir manni sínum. Anna María var hins vegar Austurrísk. Þau Anna María og Leopold eignuðust sjö börn en aðeins tvö þeirra komust á legg.",rdaGr2:biographicalInformation{Literal}@is
rdaGr2:biographicalInformation{Literal}@it,"Wolfgang Amadeus Mozart, nome di battesimo Joannes Chrysostomus Wolfgangus Theophilus Mozart (Salisburgo, 27 gennaio 1756 – Vienna, 5 dicembre 1791), è stato un compositore, pianista, organista e violinista austriaco, a cui è universalmente riconosciuta la creazione di opere musicali di straordinario valore artistico.Mozart è annoverato tra i più grandi geni della storia della musica, dotato di raro e precoce talento.Iniziò a comporre prima di aver compiuto i sei anni (la sua prima composizione, un minuetto per clavicembalo, risale al gennaio 1762), e morì all'età di trentacinque anni, lasciando pagine indimenticabili di musica. È stato definito dal Grove Dictionary come ""il compositore più universale nella storia della musica occidentale"": la sua produzione comprende musica sinfonica, sacra, da camera e opere di vario genere.Fu il primo, fra i musicisti più importanti, a svincolarsi dalla servitù feudale e a intraprendere una carriera come libero professionista.La musica di Mozart è considerata la ""musica classica"" per eccellenza, egli è infatti il principale esponente del classicismo settecentesco, i cui canoni principali erano l'armonia, l'eleganza, la calma imperturbabile e l'olimpica serenità.",rdaGr2:biographicalInformation{Literal}@it
rdaGr2:biographicalInformation{Literal}@ja,ヴォルフガング・アマデウス・モーツァルト（ドイツ語: Wolfgang Amadeus Mozart、洗礼名：ヨハンネス・クリュソストムス・ウォルフガングス・テオフィルス・モザルト（Johannes Chrysostomus Wolfgangus Theophilus Mozart）、1756年1月27日 - 1791年12月5日）はオーストリアの作曲家、演奏家。古典派音楽の代表であり、ハイドン、ベートーヴェンと並んでウィーン古典派三大巨匠の一人である。称号は神聖ローマ帝国皇室宮廷作曲家、神聖ローマ帝国皇室クラヴィーア教師、ヴェローナのアカデミア・フィラルモニカ名誉楽長などを務めた。,rdaGr2:biographicalInformation{Literal}@ja
rdaGr2:biographicalInformation{Literal}@ka,"ვოლფგანგ ამადეუს მოცარტი (გერმ. Wolfgang Amadeus Mozart; სრული სახელი Joannes Chrysostomus Wolfgangus Theophilus Mozart) (დ. 27 იანვარი, 1756, ზალცბურგი — გ. 5 დეკემბერი, 1791 ვენა), ავსტრიელი კომპოზიტორი, ინსტრუმეტალისტი, დირიჟორი, ვენის კლასიკური სკოლის წარმომადგენელი.მოცარტის ნაწარმოებები უმნიშვნელოვანესია მუსიკალური სამყაროსთვის და შედის ყოველი მუსიკოს-შემსრულებლის რეპერტუარში.",rdaGr2:biographicalInformation{Literal}@ka
rdaGr2:biographicalInformation{Literal}@ko,"볼프강 아마데우스 모차르트(Wolfgang Amadeus Mozart, 1756년 1월 27일 ~ 1791년 12월 5일)는 오스트리아의 서양 고전 음악 작곡가이다. '요하네스 크리소스토무스'는 콘스탄티노플 교회에서 활동한 교부 요한네스 크리소스토무스 대주교에서 따왔으며, '테오필루스'는 루카 복음서에 나오는 이름으로, '하늘의 은총을 받은 자'라는 뜻이며, 모차르트가 살던 당시에 아마데우스(라틴어: Amadeus), 고틀리브({{llang|de| 오케스트라의 음악감독이었다. 레오폴트는 볼프강의 누나를 어려서부터 가르쳤고, 이를 볼프강은 지켜보았다. 세 살 때부터 볼프강은 누나를 보고 건반을 다루고 연주하는 법을 터득했다. 레오폴트는 아들의 음악적 재능이 뚜렷이 빛을 발하게 되면서 작곡을 그만두었고 볼프강에게 피아노와 바이올린을 가르쳤다. 그는 피아노와 바이올린에 매우 뛰어났다. 난네를의 뮤직북에 쓰여진 레오폴트의 기록에 따르면 어린 볼프강은 네 살 때 여러 곡을 배웠다고 한다. 모차르트의 음악적 능력은 빠르게 발달하여, 다섯살 때 이미 작곡을 하기 시작했다. 사람들은 모차르트를 믿지 못하여 일부러 모차르트의 집에 찾아와서 모차르트를 시험해 보았다. 사람들은 모차르트의 아버지인 레오폴트가 모차르트의 곡을 써주었다고 의심했기 때문이다. 하지만, 모차르트는 그 사람들에게 뛰어난 작곡 실력과 재능을 보였고, 사람들은 그제서야 모차르트를 믿기 시작하였다.1777년에는 어머니와 함께 뮌헨, 만하임, 파리로 갔는데, 파리에서 어머니를 여의었다.여행을 다니면서 모차르트는 많은 음악가들과 만났는데, 그중에서 1764-5년에 런던에서 만난 요한 크리스티안 바흐의 영향을 많이 받았다. 그는 바흐로부터 처음으로 교향곡을 작곡하는법을 배웠으며 이러한 토대로 모차르트는 사후까지 수많은 걸작의 교향곡을 남기는 중요한 계기가된다.",rdaGr2:biographicalInformation{Literal}@ko
rdaGr2:biographicalInformation{Literal}@lt,"Volfgangas Amadėjus Mocartas (Johann Chrysostomus Wolfgangus Theophilus Mozart; 1756 m. sausio 27 d. Zalcburge – 1791 m. gruodžio 5 d. Vienoje) – austrų kompozitorius, vienas žymiausių ir įtakingiausių klasicistinės muzikos kompozitorių.",rdaGr2:biographicalInformation{Literal}@lt
rdaGr2:biographicalInformation{Literal}@lv,"Šis raksts ir par 1756. gadā dzimušo austriešu komponistu. Par viņa dēlu, arī komponistu, skatīt rakstu Francis Ksavers Volfgangs Mocarts.Volfgangs Amadejs Mocarts (vācu: Wolfgang Amadeus Mozart, dzimis 1756. gada 27. janvārī, miris 1791. gada 5. decembrī) bija izcils un produktīvs klasicisma laikmeta austriešu komponists. Lai gan nodzīvojis tikai 36 gadus, šai laikā uzrakstījis vismaz 626 skaņdarbus: 41 simfoniju, 21 operu, 47 sonātes, koncertus, serenādes, kvintetus, kvartetus, trio, mesas un daudzus citus dažādus skaņdarbus. Arī mūsdienās Mocarts ir viens no vispopulārākajiem klasiskās mūzikas komponistiem, daudzi viņa darbi joprojām ir iekļauti standarta koncerta repertuārā.",rdaGr2:biographicalInformation{Literal}@lv
rdaGr2:biographicalInformation{Literal}@mk,"Волфганг Амадеус Моцарт (герм. Wolfgang Amadeus Mozart; Салцбург, 27 јануари 1756 - 5 декември 1791 во Виена) е голем австриски композитор, автор на повеќе музички дела, се смета за еден од најголемите композитори на европска класична музика. Тој создал неверојатно големо дело на камерни, симфониски, религиозни и оперски дела за различни соло инструменти, особено за пијано. Иако бил не многу малку ценет за време на неговиот животен век, Моцарт го обожавале многу подоцнежни композитори.Tој можел да свири со рацете од позади.Некои го нарекувале чудо од дете. И покрај тоа сто добивал нервни напади во текот на својот краток живот напишал дури 179 оргинални композиции.На денот на погребот, Виена не му се оддолжила на човекот кој нејзиното име го прославил низ целиот светот. Моцарт бил погребан во заедничката гробница за сиромашни, а неговиот сандак никој не го испратил, освен неговото куче. Негови најпознати дела се оперите „Волшебната флејта“, „Свадбата на Фигаро“ и „Дон Жуан“.",rdaGr2:biographicalInformation{Literal}@mk
rdaGr2:biographicalInformation{Literal}@nl,"Wolfgang Amadeus Mozart (Salzburg, 27 januari 1756 – Wenen, 5 december 1791), eigenlijk Joannes Chrysostomus Wolfgangus Theophilus Mozart, was een uit het prinsaartsbisdom Salzburg (in het tegenwoordige Oostenrijk) afkomstige componist, pianist, violist en dirigent.Mozart was een wonderkind, dat op uitzonderlijk jonge leeftijd viool, klavecimbel en orgel speelde en kwalitatief hoogstaand werk componeerde. Mozart wordt naast Johan Sebastian Bach en Ludwig van Beethoven gerekend tot de componisten die binnen een traditie nieuwe muzikale concepten bedachten en die diepgaande invloed uitoefenden op alle na hen komende componisten.Mozarts werk wordt gerekend tot de muziek van de klassieke periode. Samen met Joseph Haydn en Ludwig van Beethoven vormt hij, muziekhistorisch gezien, de Eerste Weense School.",rdaGr2:biographicalInformation{Literal}@nl
rdaGr2:biographicalInformation{Literal}@no,"Wolfgang Amadeus Mozart (uttales ˈvɔlfgaŋ amaˈdeus ˈmoːtsart, døpt Johannes Chrysostomus Wolfgangus Theophilus Mozart), født 27. januar 1756 i Salzburg, død 5. desember 1791 i Wien, var en østerriksk komponist, pianist og fiolinist. Sammen med sine samtidige Joseph Haydn og Ludwig van Beethoven regnes Mozart som wienerklassisismens fremste representant. Han komponerte over seks hundre verk i de fleste genrer, og hans produksjon innen særlig opera, solokonserter, symfonier og kammermusikk står i dag som kjernerepertoar i det klassiske musikkliv. Mozart regnes som en av de største komponister i verdenshistorien.",rdaGr2:biographicalInformation{Literal}@no
rdaGr2:biographicalInformation{Literal}@pl,"Wolfgang Amadeusz Mozart (ur. 27 stycznia 1756 w Salzburgu, zm. 5 grudnia 1791 w Wiedniu) – kompozytor i wirtuoz gry na instrumentach klawiszowych. Razem z Haydnem i Beethovenem zaliczany do klasyków wiedeńskich.",rdaGr2:biographicalInformation{Literal}@pl
rdaGr2:biographicalInformation{Literal}@pt,"Wolfgang Amadeus Mozart (AFI: [ˈvɔlfgaŋ amaˈdeus ˈmoːtsart], batizado Joannes Chrysostomus Wolfgangus Theophilus Mozart; Salzburgo, 27 de janeiro de 1756 – Viena, 5 de dezembro de 1791) foi um prolífico e influente compositor austríaco do período clássico. Mozart mostrou uma habilidade musical prodigiosa desde sua infância. Já competente nos instrumentos de teclado e no violino, começou a compor aos cinco anos de idade, e passou a se apresentar para a realeza europeia, maravilhando a todos com seu talento precoce. Chegando à adolescência, foi contratado como músico da corte em Salzburgo, porém as limitações da vida musical na cidade o impeliram a buscar um novo cargo em outras cortes, mas sem sucesso. Ao visitar Viena em 1781 com seu patrão, desentendeu-se com ele e solicitou demissão, optando por ficar na capital, onde, ao longo do resto de sua vida, conquistou fama, porém pouca estabilidade financeira. Seus últimos anos viram surgir algumas de suas sinfonias, concertos e óperas mais conhecidos, além de seu Requiem. As circunstâncias de sua morte prematura deram origem a diversas lendas. Deixou uma esposa, Constanze, e dois filhos. Foi autor de mais de seiscentas obras, muitas delas referenciais na música sinfônica, concertante, operística, coral, pianística e camerística. Sua produção foi louvada por todos os críticos de sua época, embora muitos a considerassem excessivamente complexa e difícil, e estendeu sua influência sobre vários outros compositores ao longo de todo o século XIX e início do século XX. Hoje Mozart é visto pela crítica especializada como um dos maiores compositores do ocidente, conseguiu conquistar grande prestígio mesmo entre os leigos, e sua imagem se tornou um ícone popular.",rdaGr2:biographicalInformation{Literal}@pt
rdaGr2:biographicalInformation{Literal}@ro,"Wolfgang Amadeus Mozart (n. 27 ianuarie 1756, Salzburg, d. 5 decembrie 1791, Viena) a fost un compozitor german și austriac, unul din cei mai prodigioși și talentați creatori în domeniul muzicii clasice. Anul 2006, cu ocazia jubileului a 250 de ani de la nașterea compozitorului, în Austria și Germania a fost cunoscut ca „Anul Muzical Mozart”.",rdaGr2:biographicalInformation{Literal}@ro
rdaGr2:biographicalInformation{Literal}@ru,"Во́льфганг Амаде́й Мо́царт, полное имя Иога́нн Хризосто́м Во́льфганг Теофи́л Мо́царт (нем. Joannes Chrysostomus Wolfgang Theophilus Mozart [ˈvɔlfɡaŋ amaˈdeus ˈmoːtsaʁt] ; 27 января 1756, Зальцбург — 5 декабря 1791, Вена) — австрийский композитор, капельмейстер, пианист, скрипач, клавесинист, органист. По свидетельству современников, обладал феноменальным музыкальным слухом, памятью и способностью к импровизации. Моцарт широко признан одним из величайших композиторов: его уникальность состоит в том, что он работал во всех музыкальных формах своего времени и во всех достиг наивысшего успеха. Наряду с Гайдном и Бетховеном, принадлежит к наиболее значительным представителям Венской классической школы.",rdaGr2:biographicalInformation{Literal}@ru
rdaGr2:biographicalInformation{Literal}@sk,Wolfgang Amadeus Mozart (* 27. január 1756 Salzburg – † 5. december 1791 Viedeň) bol klasicistický hudobný skladateľ.,rdaGr2:biographicalInformation{Literal}@sk
rdaGr2:biographicalInformation{Literal}@sl,"Wolfgang Amadeus Mozart , avstrijski skladatelj, * 27. januar 1756, Solnograd, Avstrija, † 5. december 1791, Dunaj, Avstrija.",rdaGr2:biographicalInformation{Literal}@sl
rdaGr2:biographicalInformation{Literal}@sq,"Wolfgang Amadeus Mozart ( gjermanisht : . [ Vɔlfɡaŋ Amadeus mo ː tsaʁt ] ,Janar 27, 1756 - 5 dhjetor 1791 ) , pagëzuar si Johannes Chrysostomus Wolfgangus Theophilus Mozart , ishte një kompozitor pjellor dhe me ndikim i epokës klasike .Mozart tregoi aftësi të jashtëzakonshëm nga fëmijëria e tij e hershme . Tashmë kompetent në tastierën dhe violinë , ai kompozoi nga mosha pesë vjeçare dhe preformoi para familjes mbretërore evropiane . Në 17 , ai ishte angazhuar si një muzikant i gjykatës në Salzburg , por u rrit shqetësuar dhe udhëtoi në kërkim të një pozitë më të mirë , gjithmonë kompozonte me bollëk . Ndërsa duke vizituar Vjenën në 1781 , ai u shkarkua nga posti i tij Salzburgut . Ai zgjodhi për të qëndruar në kryeqytet , ku ka arritur famë , por pak siguri financiare . Gjatë viteve të tij të fundit në Vjenë , ai i kompozoi shumë nga simfonitë e tij më të njohura , koncerte , dhe opera , dhe pjesë të Requiem , e cila ishte në masë të madhe e papërfunduar në kohën e vdekjes së tij . Rrethanat e vdekjes së tij të hershme kanë qenë shumë më të mitologjizuara . Ai e la pas gruan dhe dy bijtë e Constanze .Ai kompozoi mbi 600 vepra , shumica pranuan si kulme simfonike , concertante , operës dhe muzikës korale . Ai është ndër më të popullarizuarit të kompozitorëve klasikë, dhe ndikimi i tij mbi të mëvonshëm muzikë artit perëndimor është i thellë ; Beethoven i kompozoi veprat e tij të hershme në hijen e Mozart , dhe Joseph Haydn shkroi se "" Pasardhësit nuk do të shihnin një talent të tillë përsëri në 100 vjet "".",rdaGr2:biographicalInformation{Literal}@sq
rdaGr2:biographicalInformation{Literal}@sr,"Волфганг Амадеус Моцарт (нем. Wolfgang Amadeus Mozart, 27. јануар 1756 — 5. децембар 1791) је био један од најзначајнијих и најутицајнијих светских композитора класичне музике.",rdaGr2:biographicalInformation{Literal}@sr
rdaGr2:biographicalInformation{Literal}@sv,"Wolfgang Amadeus Mozart eller Wolfgang Amadé Mozart, döpt Johannes Chrysostomus Wolfgangus Teophilus Mozart, född 27 januari 1756 i Salzburg, nuvarande Österrike, död 5 december 1791 i Wien, var en tonsättare, pianist och violinist. Området vid Salzburg och Wien hörde vid denna tid till Tysk-romerska riket och stod under inflytande av kejsaren Josef II, som var starkt präglad av upplysningstiden.Mozart var en av de viktigaste tonsättarna i den wienklassiska stilen och är för eftervärlden ett av de stora namnen i musikhistorien. Hans produktion (som omfattar över 600 kända verk) innehåller verk som av många anses som kronan av symfonisk, kammar-, piano-, opera- och körmusik. Många av hans verk är centrala för den klassiska standardrepertoaren.",rdaGr2:biographicalInformation{Literal}@sv
rdaGr2:biographicalInformation{Literal}@tr,"Wolfgang Amadeus Mozart (Johannes Chrysostomus Wolfgangus Theophilus Mozart) (d. 27 Ocak 1756 Salzburg , Avusturya - ö. 5 Aralık 1791 Viyana) Klasik Batı Müziği'nin, en üretken ve en etkili bestekârlarından biridir. Yapıtları, senfonileri, konçertoları, oda orkestralarını, piyanoyu, operayı ve korolu müzikleri etkilemiştir. 35 yıllık ömrüne 626 eser sığdırmıştır. Mozart, Avrupalı bestekârların en popülerlerindendir ve birçok eseri standart konser repertuarlarında kullanılır. Günümüzde müzik tarihinin en büyük dehalarından biri olarak kabul görmüştür.",rdaGr2:biographicalInformation{Literal}@tr
rdaGr2:biographicalInformation{Literal}@uk,"Вóльфганг Амадéй Мóцарт, (нім. Wolfgang Amadeus Mozart МФА: [ˈvɔlfɡaŋ amaˈdeus ˈmoːtsart] Аудіо німецька вимова іменіопис файлу; повне ім'я Йоганн Хризостом Вольфґанґ Теофіл Моцарт нім. Joannes Chrysostomus Wolfgangus Theophilus Mozart 27 січня 1756 — 5 грудня 1791) — австрійський композитор, представник класицизму, який вважається одним із найгеніальніших музикантів в історії людства[Ким?]. Творчий доробок Моцарта становить понад 600 творів: більш як 50 симфоній, понад 19 опер, велику кількість інструментальних концертів (зокрема 27 фортепіанних), 13 струнних квартетів, 35 сонат для скрипки, Реквієм та багато інших інструментальних та хорових творів. Знаходячись під великим впливом Гайдна, музика Моцарта стала вершиною класичної епохи за чистотою мелодії та форми.",rdaGr2:biographicalInformation{Literal}@uk
rdaGr2:biographicalInformation{Literal}@yi,וואלפגאנג אמאדעאוס מאצארט (דייטשיש: Wolfgang Amadeus Mozart;‏ 27סטן יאנואר 1756 - 5טן דעצעמבער 1791) איז פאררעכנט פון די גרעסטע לייבן אין קלאסישע מוזיק.,rdaGr2:biographicalInformation{Literal}@yi
rdaGr2:biographicalInformation{Literal}@zh,沃尔夫冈·阿马德乌斯·莫扎特（德语：Wolfgang Amadeus Mozart，1756年1月27日－1791年12月5日），出生于薩爾茲堡，逝世于維也納，是歐洲最偉大的古典主義音樂作曲家之一。35歲便英年早逝的莫扎特，留下的重要作品總括當時所有的音樂類型。根據當代的考證顯示，在鋼琴和小提琴相關的創作，他無疑是一個天份極高的藝術家，譜出的協奏曲、奏鳴曲、交響曲、小夜曲、嬉遊曲等等成為後來古典音樂的主要形式，他同時也是歌劇的專家，成就至今仍能順應時代的變遷而不朽。此外其作曲風格兼具旋律及藝術性，悦耳而活潑開朗，令其作品地位足與巴赫及貝多芬相提並論，亦讓人感受到音樂由巴洛克時期轉向古典主義時期的不同。,rdaGr2:biographicalInformation{Literal}@zh
rdaGr2:dateOfBirth{Literal},1756-01-27,rdaGr2:dateOfBirth{Literal}
rdaGr2:dateOfDeath{Literal},1791-12-05,rdaGr2:dateOfDeath{Literal}
rdaGr2:placeOfBirth{URIRef}[0],http://dbpedia.org/resource/Austria,rdaGr2:placeOfBirth{URIRef}[0]
rdaGr2:placeOfBirth{URIRef}[1],http://dbpedia.org/resource/Salzburg,rdaGr2:placeOfBirth{URIRef}[1]
rdaGr2:placeOfDeath{URIRef}[0],http://dbpedia.org/resource/Austria,rdaGr2:placeOfDeath{URIRef}[0]
rdaGr2:placeOfDeath{URIRef}[1],http://dbpedia.org/resource/Vienna,rdaGr2:placeOfDeath{URIRef}[1]
edm:end{Literal},1791-12-05,edm:end{Literal}
edm:isShownBy{URIRef},http://www.bildarchivaustria.at/Preview/2952145.jpg,edm:isShownBy{URIRef}
rdf:type{URIRef},edm:Agent,rdf:type{URIRef}
owl:sameAs{URIRef}[0],http://af.dbpedia.org/resource/Wolfgang_Amadeus_Mozart,owl:sameAs{URIRef}[0]
owl:sameAs{URIRef}[1],http://als.dbpedia.org/resource/Wolfgang_Amadeus_Mozart,owl:sameAs{URIRef}[1]
owl:sameAs{URIRef}[2],http://am.dbpedia.org/resource/ቮልፍጋንግ_አማዴኡስ_ሞፃርት,owl:sameAs{URIRef}[2]
owl:sameAs{URIRef}[3],http://an.dbpedia.org/resource/Wolfgang_Amadeus_Mozart,owl:sameAs{URIRef}[3]
owl:sameAs{URIRef}[4],http://ar.dbpedia.org/resource/فولفغانغ_أماديوس_موتسارت,owl:sameAs{URIRef}[4]
owl:sameAs{URIRef}[5],http://arz.dbpedia.org/resource/موتسارت,owl:sameAs{URIRef}[5]
owl:sameAs{URIRef}[6],http://ast.dbpedia.org/resource/Wolfgang_Amadeus_Mozart,owl:sameAs{URIRef}[6]
owl:sameAs{URIRef}[7],http://az.dbpedia.org/resource/Volfqanq_Amadey_Mosart,owl:sameAs{URIRef}[7]
owl:sameAs{URIRef}[8],http://ba.dbpedia.org/resource/Вольфганг_Амадей_Моцарт,owl:sameAs{URIRef}[8]
owl:sameAs{URIRef}[9],http://be.dbpedia.org/resource/Вольфганг_Амадэй_Моцарт,owl:sameAs{URIRef}[9]
owl:sameAs{URIRef}[10],http://bg.dbpedia.org/resource/Волфганг_Амадеус_Моцарт,owl:sameAs{URIRef}[10]
owl:sameAs{URIRef}[11],http://bn.dbpedia.org/resource/ভোল্‌ফগাংক্‌_আমাডেয়ুস_মোৎসার্ট,owl:sameAs{URIRef}[11]
owl:sameAs{URIRef}[12],http://bpy.dbpedia.org/resource/ভোল্‌ফগাংক্‌_আমাডেয়ুস_মোৎসার্ট,owl:sameAs{URIRef}[12]
owl:sameAs{URIRef}[13],http://br.dbpedia.org/resource/Wolfgang_Amadeus_Mozart,owl:sameAs{URIRef}[13]
owl:sameAs{URIRef}[14],http://bs.dbpedia.org/resource/Wolfgang_Amadeus_Mozart,owl:sameAs{URIRef}[14]
owl:sameAs{URIRef}[15],http://ca.dbpedia.org/resource/Wolfgang_Amadeus_Mozart,owl:sameAs{URIRef}[15]
owl:sameAs{URIRef}[16],"http://ce.dbpedia.org/resource/Моцарт,_Вольфганг_Амадей",owl:sameAs{URIRef}[16]
owl:sameAs{URIRef}[17],http://ceb.dbpedia.org/resource/Wolfgang_Amadeus_Mozart,owl:sameAs{URIRef}[17]
owl:sameAs{URIRef}[18],http://ckb.dbpedia.org/resource/ڤۆڵفگانگ_ئەمادیوس_مۆتسارت,owl:sameAs{URIRef}[18]
owl:sameAs{URIRef}[19],http://cs.dbpedia.org/resource/Wolfgang_Amadeus_Mozart,owl:sameAs{URIRef}[19]
owl:sameAs{URIRef}[20],http://cv.dbpedia.org/resource/Моцарт_Вольфганг_Амадей,owl:sameAs{URIRef}[20]
owl:sameAs{URIRef}[21],http://cy.dbpedia.org/resource/Wolfgang_Amadeus_Mozart,owl:sameAs{URIRef}[21]
owl:sameAs{URIRef}[22],http://da.dbpedia.org/resource/Wolfgang_Amadeus_Mozart,owl:sameAs{URIRef}[22]
owl:sameAs{URIRef}[23],http://dbpedia.org/resource/Wolfgang_Amadeus_Mozart,owl:sameAs{URIRef}[23]
owl:sameAs{URIRef}[24],http://de.dbpedia.org/resource/Wolfgang_Amadeus_Mozart,owl:sameAs{URIRef}[24]
owl:sameAs{URIRef}[25],http://el.dbpedia.org/resource/Βόλφγκανγκ_Αμαντέους_Μότσαρτ,owl:sameAs{URIRef}[25]
owl:sameAs{URIRef}[26],http://eo.dbpedia.org/resource/Wolfgang_Amadeus_Mozart,owl:sameAs{URIRef}[26]
owl:sameAs{URIRef}[27],http://es.dbpedia.org/resource/Wolfgang_Amadeus_Mozart,owl:sameAs{URIRef}[27]
owl:sameAs{URIRef}[28],http://et.dbpedia.org/resource/Wolfgang_Amadeus_Mozart,owl:sameAs{URIRef}[28]
owl:sameAs{URIRef}[29],http://eu.dbpedia.org/resource/Wolfgang_Amadeus_Mozart,owl:sameAs{URIRef}[29]
owl:sameAs{URIRef}[30],http://fa.dbpedia.org/resource/ولفگانگ_آمادئوس_موتسارت,owl:sameAs{URIRef}[30]
owl:sameAs{URIRef}[31],http://fi.dbpedia.org/resource/Wolfgang_Amadeus_Mozart,owl:sameAs{URIRef}[31]
owl:sameAs{URIRef}[32],http://fr.dbpedia.org/resource/Wolfgang_Amadeus_Mozart,owl:sameAs{URIRef}[32]
owl:sameAs{URIRef}[33],http://fy.dbpedia.org/resource/Wolfgang_Amadeus_Mozart,owl:sameAs{URIRef}[33]
owl:sameAs{URIRef}[34],http://ga.dbpedia.org/resource/Wolfgang_Amadeus_Mozart,owl:sameAs{URIRef}[34]
owl:sameAs{URIRef}[35],http://gd.dbpedia.org/resource/Wolfgang_Amadeus_Mozart,owl:sameAs{URIRef}[35]
owl:sameAs{URIRef}[36],http://gl.dbpedia.org/resource/Wolfgang_Amadeus_Mozart,owl:sameAs{URIRef}[36]
owl:sameAs{URIRef}[37],http://gu.dbpedia.org/resource/મોઝાર્ટ,owl:sameAs{URIRef}[37]
owl:sameAs{URIRef}[38],http://he.dbpedia.org/resource/וולפגנג_אמדאוס_מוצרט,owl:sameAs{URIRef}[38]
owl:sameAs{URIRef}[39],http://hi.dbpedia.org/resource/वोल्फ़गांक_आमडेयुस_मोत्सार्ट,owl:sameAs{URIRef}[39]
owl:sameAs{URIRef}[40],http://hr.dbpedia.org/resource/Wolfgang_Amadeus_Mozart,owl:sameAs{URIRef}[40]
owl:sameAs{URIRef}[41],http://ht.dbpedia.org/resource/Wolfgang_Amadeus_Mozart,owl:sameAs{URIRef}[41]
owl:sameAs{URIRef}[42],http://hu.dbpedia.org/resource/Wolfgang_Amadeus_Mozart,owl:sameAs{URIRef}[42]
owl:sameAs{URIRef}[43],http://hy.dbpedia.org/resource/Վոլֆգանգ_Ամադեուս_Մոցարտ,owl:sameAs{URIRef}[43]
owl:sameAs{URIRef}[44],http://ia.dbpedia.org/resource/Wolfgang_Amadeus_Mozart,owl:sameAs{URIRef}[44]
owl:sameAs{URIRef}[45],http://id.dbpedia.org/resource/Wolfgang_Amadeus_Mozart,owl:sameAs{URIRef}[45]
owl:sameAs{URIRef}[46],http://io.dbpedia.org/resource/Wolfgang_Amadeus_Mozart,owl:sameAs{URIRef}[46]
owl:sameAs{URIRef}[47],http://is.dbpedia.org/resource/Wolfgang_Amadeus_Mozart,owl:sameAs{URIRef}[47]
owl:sameAs{URIRef}[48],http://it.dbpedia.org/resource/Wolfgang_Amadeus_Mozart,owl:sameAs{URIRef}[48]
owl:sameAs{URIRef}[49],http://ja.dbpedia.org/resource/ヴォルフガング・アマデウス・モーツァルト,owl:sameAs{URIRef}[49]
owl:sameAs{URIRef}[50],http://jv.dbpedia.org/resource/Wolfgang_Amadeus_Mozart,owl:sameAs{URIRef}[50]
owl:sameAs{URIRef}[51],http://ka.dbpedia.org/resource/ვოლფგანგ_ამადეუს_მოცარტი,owl:sameAs{URIRef}[51]
owl:sameAs{URIRef}[52],http://kk.dbpedia.org/resource/Волфганг_Амадей_Моцарт,owl:sameAs{URIRef}[52]
owl:sameAs{URIRef}[53],http://kn.dbpedia.org/resource/ವುಲ್ಫ್‌ಗ್ಯಾಂಗ್_ಅಮೆಡಿಯುಸ್_ಮೊಟ್ಜಾರ್ಟ್,owl:sameAs{URIRef}[53]
owl:sameAs{URIRef}[54],http://ko.dbpedia.org/resource/볼프강_아마데우스_모차르트,owl:sameAs{URIRef}[54]
owl:sameAs{URIRef}[55],http://ku.dbpedia.org/resource/Wolfgang_Amadeus_Mozart,owl:sameAs{URIRef}[55]
owl:sameAs{URIRef}[56],http://la.dbpedia.org/resource/Wolfgangus_Amadeus_Mozart,owl:sameAs{URIRef}[56]
owl:sameAs{URIRef}[57],http://lb.dbpedia.org/resource/Wolfgang_Amadeus_Mozart,owl:sameAs{URIRef}[57]
owl:sameAs{URIRef}[58],http://lt.dbpedia.org/resource/Volfgangas_Amadėjus_Mocartas,owl:sameAs{URIRef}[58]
owl:sameAs{URIRef}[59],http://lv.dbpedia.org/resource/Volfgangs_Amadejs_Mocarts,owl:sameAs{URIRef}[59]
owl:sameAs{URIRef}[60],http://mg.dbpedia.org/resource/Wolfgang_Amadeus_Mozart,owl:sameAs{URIRef}[60]
owl:sameAs{URIRef}[61],http://mk.dbpedia.org/resource/Волфганг_Амадеус_Моцарт,owl:sameAs{URIRef}[61]
owl:sameAs{URIRef}[62],http://ml.dbpedia.org/resource/വൂൾഫ്ഗാങ്_അമാദ്യൂസ്_മൊട്ട്സാർട്ട്,owl:sameAs{URIRef}[62]
owl:sameAs{URIRef}[63],http://mn.dbpedia.org/resource/Вольфганг_Амадей_Моцарт,owl:sameAs{URIRef}[63]
owl:sameAs{URIRef}[64],http://mr.dbpedia.org/resource/वोल्फगांग_आमाडेउस_मोझार्ट,owl:sameAs{URIRef}[64]
owl:sameAs{URIRef}[65],http://ms.dbpedia.org/resource/Wolfgang_Amadeus_Mozart,owl:sameAs{URIRef}[65]
owl:sameAs{URIRef}[66],http://my.dbpedia.org/resource/မိုးဇက်၊_ဝူဖ်ဂန်_အမာဒျု,owl:sameAs{URIRef}[66]
owl:sameAs{URIRef}[67],http://mzn.dbpedia.org/resource/موزارت,owl:sameAs{URIRef}[67]
owl:sameAs{URIRef}[68],http://nds.dbpedia.org/resource/Wolfgang_Amadeus_Mozart,owl:sameAs{URIRef}[68]
owl:sameAs{URIRef}[69],http://ne.dbpedia.org/resource/वोल्फगान्क_आमडेयुस_मोत्सार्ट,owl:sameAs{URIRef}[69]
owl:sameAs{URIRef}[70],http://new.dbpedia.org/resource/वुल्फग्याङ्ग_आमाद्युस_मोत्सार्त,owl:sameAs{URIRef}[70]
owl:sameAs{URIRef}[71],http://nl.dbpedia.org/resource/Wolfgang_Amadeus_Mozart,owl:sameAs{URIRef}[71]
owl:sameAs{URIRef}[72],http://nn.dbpedia.org/resource/Wolfgang_Amadeus_Mozart,owl:sameAs{URIRef}[72]
owl:sameAs{URIRef}[73],http://no.dbpedia.org/resource/Wolfgang_Amadeus_Mozart,owl:sameAs{URIRef}[73]
owl:sameAs{URIRef}[74],http://oc.dbpedia.org/resource/Wolfgang_Amadeus_Mozart,owl:sameAs{URIRef}[74]
owl:sameAs{URIRef}[75],http://pa.dbpedia.org/resource/ਵੋਲਫਗਾਂਗ_ਆਮਾਡੇਅਸ_ਮੋਜ਼ਾਰਟ,owl:sameAs{URIRef}[75]
owl:sameAs{URIRef}[76],http://pl.dbpedia.org/resource/Wolfgang_Amadeusz_Mozart,owl:sameAs{URIRef}[76]
owl:sameAs{URIRef}[77],http://pms.dbpedia.org/resource/Wolfgang_Amadeus_Mozart,owl:sameAs{URIRef}[77]
owl:sameAs{URIRef}[78],http://pnb.dbpedia.org/resource/ولفگانگ_موزرت,owl:sameAs{URIRef}[78]
owl:sameAs{URIRef}[79],http://pt.dbpedia.org/resource/Wolfgang_Amadeus_Mozart,owl:sameAs{URIRef}[79]
owl:sameAs{URIRef}[80],http://qu.dbpedia.org/resource/Wolfgang_Amadeus_Mozart,owl:sameAs{URIRef}[80]
owl:sameAs{URIRef}[81],http://rdf.freebase.com/ns/m.082db,owl:sameAs{URIRef}[81]
owl:sameAs{URIRef}[82],http://ro.dbpedia.org/resource/Wolfgang_Amadeus_Mozart,owl:sameAs{URIRef}[82]
owl:sameAs{URIRef}[83],"http://ru.dbpedia.org/resource/Моцарт,_Вольфганг_Амадей",owl:sameAs{URIRef}[83]
owl:sameAs{URIRef}[84],http://sa.dbpedia.org/resource/वोल्फगांग_आमाडेउस_मोझार्ट,owl:sameAs{URIRef}[84]
owl:sameAs{URIRef}[85],http://sah.dbpedia.org/resource/Моцарт_Вольфганг_Амадей,owl:sameAs{URIRef}[85]
owl:sameAs{URIRef}[86],http://scn.dbpedia.org/resource/Wolfgang_Amadeus_Mozart,owl:sameAs{URIRef}[86]
owl:sameAs{URIRef}[87],http://sco.dbpedia.org/resource/Wolfgang_Amadeus_Mozart,owl:sameAs{URIRef}[87]
owl:sameAs{URIRef}[88],http://sh.dbpedia.org/resource/Wolfgang_Amadeus_Mozart,owl:sameAs{URIRef}[88]
owl:sameAs{URIRef}[89],http://simple.dbpedia.org/resource/Wolfgang_Amadeus_Mozart,owl:sameAs{URIRef}[89]
owl:sameAs{URIRef}[90],http://sk.dbpedia.org/resource/Wolfgang_Amadeus_Mozart,owl:sameAs{URIRef}[90]
owl:sameAs{URIRef}[91],http://sl.dbpedia.org/resource/Wolfgang_Amadeus_Mozart,owl:sameAs{URIRef}[91]
owl:sameAs{URIRef}[92],http://sq.dbpedia.org/resource/Wolfgang_Amadeus_Mozart,owl:sameAs{URIRef}[92]
owl:sameAs{URIRef}[93],http://sr.dbpedia.org/resource/Волфганг_Амадеус_Моцарт,owl:sameAs{URIRef}[93]
owl:sameAs{URIRef}[94],http://su.dbpedia.org/resource/Wolfgang_Amadeus_Mozart,owl:sameAs{URIRef}[94]
owl:sameAs{URIRef}[95],http://sv.dbpedia.org/resource/Wolfgang_Amadeus_Mozart,owl:sameAs{URIRef}[95]
owl:sameAs{URIRef}[96],http://sw.cyc.com/concept/Mx4rvlD9e5wpEbGdrcN5Y29ycA,owl:sameAs{URIRef}[96]
owl:sameAs{URIRef}[97],http://sw.dbpedia.org/resource/Wolfgang_Amadeus_Mozart,owl:sameAs{URIRef}[97]
owl:sameAs{URIRef}[98],http://ta.dbpedia.org/resource/வொல்ஃப்கேங்க்_அமதியுஸ்_மோட்சார்ட்,owl:sameAs{URIRef}[98]
owl:sameAs{URIRef}[99],http://th.dbpedia.org/resource/โวล์ฟกัง_อะมาเดอุส_โมซาร์ท,owl:sameAs{URIRef}[99]
owl:sameAs{URIRef}[100],http://tl.dbpedia.org/resource/Wolfgang_Amadeus_Mozart,owl:sameAs{URIRef}[100]
owl:sameAs{URIRef}[101],http://tr.dbpedia.org/resource/Wolfgang_Amadeus_Mozart,owl:sameAs{URIRef}[101]
owl:sameAs{URIRef}[102],http://tt.dbpedia.org/resource/Вольфганг_Амадей_Моцарт,owl:sameAs{URIRef}[102]
owl:sameAs{URIRef}[103],http://uk.dbpedia.org/resource/Вольфганг_Амадей_Моцарт,owl:sameAs{URIRef}[103]
owl:sameAs{URIRef}[104],http://ur.dbpedia.org/resource/وولف_گینگ_موزارٹ,owl:sameAs{URIRef}[104]
owl:sameAs{URIRef}[105],http://uz.dbpedia.org/resource/Wolfgang_Amadeus_Mozart,owl:sameAs{URIRef}[105]
owl:sameAs{URIRef}[106],http://vec.dbpedia.org/resource/Wolfgang_Amadeus_Mozart,owl:sameAs{URIRef}[106]
owl:sameAs{URIRef}[107],http://vi.dbpedia.org/resource/Wolfgang_Amadeus_Mozart,owl:sameAs{URIRef}[107]
owl:sameAs{URIRef}[108],http://vo.dbpedia.org/resource/Wolfgang_Amadeus_Mozart,owl:sameAs{URIRef}[108]
owl:sameAs{URIRef}[109],http://wa.dbpedia.org/resource/Wolfgang_Amadeus_Mozart,owl:sameAs{URIRef}[109]
owl:sameAs{URIRef}[110],http://war.dbpedia.org/resource/Wolfgang_Amadeus_Mozart,owl:sameAs{URIRef}[110]
owl:sameAs{URIRef}[111],http://wikidata.dbpedia.org/resource/Q254,owl:sameAs{URIRef}[111]
owl:sameAs{URIRef}[112],http://www.wikidata.org/entity/Q254,owl:sameAs{URIRef}[112]
owl:sameAs{URIRef}[113],http://www4.wiwiss.fu-berlin.de/gutendata/resource/people/Mozart_Wolfgang_Amadeus_1756-1791,owl:sameAs{URIRef}[113]
owl:sameAs{URIRef}[114],http://yago-knowledge.org/resource/Wolfgang_Amadeus_Mozart,owl:sameAs{URIRef}[114]
owl:sameAs{URIRef}[115],http://yi.dbpedia.org/resource/וואלפגאנג_אמאדעוס_מאצארט,owl:sameAs{URIRef}[115]
owl:sameAs{URIRef}[116],http://yo.dbpedia.org/resource/Wolfgang_Amadeus_Mozart,owl:sameAs{URIRef}[116]
owl:sameAs{URIRef}[117],http://zh.dbpedia.org/resource/沃尔夫冈·阿马德乌斯·莫扎特,owl:sameAs{URIRef}[117]
owl:sameAs{URIRef}[118],http://zitgist.com/music/artist/b972f589-fb0e-474e-b64a-803b0364fa75,owl:sameAs{URIRef}[118]
skos:altLabel{Literal}[0]@en,"Mozart, Johann Chrysostom Wolfgang Amadeus",skos:altLabel{Literal}[0]@en
skos:altLabel{Literal}[1]@en,"Mozart, Wolfgang Amadeus",skos:altLabel{Literal}[1]@en
skos:prefLabel{Literal}@ar,فولفغانغ أماديوس موتسارت,skos:prefLabel{Literal}@ar
skos:prefLabel{Literal}@az,Volfqanq Amadey Mosart,skos:prefLabel{Literal}@az
skos:prefLabel{Literal}@be,Вольфганг Амадэй Моцарт,skos:prefLabel{Literal}@be
skos:prefLabel{Literal}@bg,Волфганг Амадеус Моцарт,skos:prefLabel{Literal}@bg
skos:prefLabel{Literal}@bs,Wolfgang Amadeus Mozart,skos:prefLabel{Literal}@bs
skos:prefLabel{Literal}@ca,Wolfgang Amadeus Mozart,skos:prefLabel{Literal}@ca
skos:prefLabel{Literal}@cs,Wolfgang Amadeus Mozart,skos:prefLabel{Literal}@cs
skos:prefLabel{Literal}@cy,Wolfgang Amadeus Mozart,skos:prefLabel{Literal}@cy
skos:prefLabel{Literal}@da,Wolfgang Amadeus Mozart,skos:prefLabel{Literal}@da
skos:prefLabel{Literal}@de,Wolfgang Amadeus Mozart,skos:prefLabel{Literal}@de
skos:prefLabel{Literal}@el,Βόλφγκανγκ Αμαντέους Μότσαρτ,skos:prefLabel{Literal}@el
skos:prefLabel{Literal}@en,Wolfgang Amadeus Mozart,skos:prefLabel{Literal}@en
skos:prefLabel{Literal}@es,Wolfgang Amadeus Mozart,skos:prefLabel{Literal}@es
skos:prefLabel{Literal}@et,Wolfgang Amadeus Mozart,skos:prefLabel{Literal}@et
skos:prefLabel{Literal}@eu,Wolfgang Amadeus Mozart,skos:prefLabel{Literal}@eu
skos:prefLabel{Literal}@fi,Wolfgang Amadeus Mozart,skos:prefLabel{Literal}@fi
skos:prefLabel{Literal}@fr,Wolfgang Amadeus Mozart,skos:prefLabel{Literal}@fr
skos:prefLabel{Literal}@ga,Wolfgang Amadeus Mozart,skos:prefLabel{Literal}@ga
skos:prefLabel{Literal}@gd,Wolfgang Amadeus Mozart,skos:prefLabel{Literal}@gd
skos:prefLabel{Literal}@gl,Wolfgang Amadeus Mozart,skos:prefLabel{Literal}@gl
skos:prefLabel{Literal}@he,וולפגנג אמדאוס מוצרט,skos:prefLabel{Literal}@he
skos:prefLabel{Literal}@hi,वोल्फ़गांक आमडेयुस मोत्सार्ट,skos:prefLabel{Literal}@hi
skos:prefLabel{Literal}@hr,Wolfgang Amadeus Mozart,skos:prefLabel{Literal}@hr
skos:prefLabel{Literal}@hu,Wolfgang Amadeus Mozart,skos:prefLabel{Literal}@hu
skos:prefLabel{Literal}@hy,Վոլֆգանգ Ամադեուս Մոցարտ,skos:prefLabel{Literal}@hy
skos:prefLabel{Literal}@is,Wolfgang Amadeus Mozart,skos:prefLabel{Literal}@is
skos:prefLabel{Literal}@it,Wolfgang Amadeus Mozart,skos:prefLabel{Literal}@it
skos:prefLabel{Literal}@ja,ヴォルフガング・アマデウス・モーツァルト,skos:prefLabel{Literal}@ja
skos:prefLabel{Literal}@ka,ვოლფგანგ ამადეუს მოცარტი,skos:prefLabel{Literal}@ka
skos:prefLabel{Literal}@ko,볼프강 아마데우스 모차르트,skos:prefLabel{Literal}@ko
skos:prefLabel{Literal}@lt,Volfgangas Amadėjus Mocartas,skos:prefLabel{Literal}@lt
skos:prefLabel{Literal}@lv,Volfgangs Amadejs Mocarts,skos:prefLabel{Literal}@lv
skos:prefLabel{Literal}@mk,Волфганг Амадеус Моцарт,skos:prefLabel{Literal}@mk
skos:prefLabel{Literal}@nl,Wolfgang Amadeus Mozart,skos:prefLabel{Literal}@nl
skos:prefLabel{Literal}@no,Wolfgang Amadeus Mozart,skos:prefLabel{Literal}@no
skos:prefLabel{Literal}@pl,Wolfgang Amadeusz Mozart,skos:prefLabel{Literal}@pl
skos:prefLabel{Literal}@pt,Wolfgang Amadeus Mozart,skos:prefLabel{Literal}@pt
skos:prefLabel{Literal}@ro,Wolfgang Amadeus Mozart,skos:prefLabel{Literal}@ro
skos:prefLabel{Literal}@ru,"Моцарт, Вольфганг Амадей",skos:prefLabel{Literal}@ru
skos:prefLabel{Literal}@sk,Wolfgang Amadeus Mozart,skos:prefLabel{Literal}@sk
skos:prefLabel{Literal}@sl,Wolfgang Amadeus Mozart,skos:prefLabel{Literal}@sl
skos:prefLabel{Literal}@sq,Wolfgang Amadeus Mozart,skos:prefLabel{Literal}@sq
skos:prefLabel{Literal}@sr,Волфганг Амадеус Моцарт,skos:prefLabel{Literal}@sr
skos:prefLabel{Literal}@sv,Wolfgang Amadeus Mozart,skos:prefLabel{Literal}@sv
skos:prefLabel{Literal}@tr,Wolfgang Amadeus Mozart,skos:prefLabel{Literal}@tr
skos:prefLabel{Literal}@uk,Вольфганг Амадей Моцарт,skos:prefLabel{Literal}@uk
skos:prefLabel{Literal}@yi,וואלפגאנג אמאדעוס מאצארט,skos:prefLabel{Literal}@yi
skos:prefLabel{Literal}@zh,沃尔夫冈·阿马德乌斯·莫扎特,skos:prefLabel{Literal}@zh
entity,http://data.europeana.eu/agent/base/146951,entity
