@id,full_coverage
ns5:abstract{Literal}@ar,ns5:abstract{Literal}@ar
ns5:abstract{Literal}@de,ns5:abstract{Literal}@de
ns5:abstract{Literal}@en,ns5:abstract{Literal}@en
ns5:abstract{Literal}@es,ns5:abstract{Literal}@es
ns5:abstract{Literal}@fr,ns5:abstract{Literal}@fr
ns5:abstract{Literal}@it,ns5:abstract{Literal}@it
ns5:abstract{Literal}@ja,ns5:abstract{Literal}@ja
ns5:abstract{Literal}@nl,ns5:abstract{Literal}@nl
ns5:abstract{Literal}@pl,ns5:abstract{Literal}@pl
ns5:abstract{Literal}@pt,ns5:abstract{Literal}@pt
ns5:abstract{Literal}@ru,ns5:abstract{Literal}@ru
ns5:abstract{Literal}@zh,ns5:abstract{Literal}@zh
ns5:activeYearsEndYear{Literal}(xsd:gYear),ns5:activeYearsEndYear{Literal}(xsd:gYear)
ns5:activeYearsStartYear{Literal}(xsd:gYear),ns5:activeYearsStartYear{Literal}(xsd:gYear)
ns5:birthDate{Literal}[0](xsd:date),ns5:birthDate{Literal}[0](xsd:date)
ns5:birthDate{Literal}[1](xsd:date),ns5:birthDate{Literal}[1](xsd:date)
ns5:birthPlace{URIRef}[0],ns5:birthPlace{URIRef}[0]
ns5:birthPlace{URIRef}[1],ns5:birthPlace{URIRef}[1]
ns5:birthPlace{URIRef}[2],ns5:birthPlace{URIRef}[2]
ns5:birthPlace{URIRef}[3],ns5:birthPlace{URIRef}[3]
ns5:birthPlace{URIRef}[4],ns5:birthPlace{URIRef}[4]
ns5:birthPlace{URIRef}[5],ns5:birthPlace{URIRef}[5]
ns5:birthPlace{URIRef}[6],ns5:birthPlace{URIRef}[6]
ns5:birthPlace{URIRef}[7],ns5:birthPlace{URIRef}[7]
ns5:birthPlace{URIRef}[8],ns5:birthPlace{URIRef}[8]
ns5:birthPlace{URIRef}[9],ns5:birthPlace{URIRef}[9]
ns5:birthPlace{URIRef}[10],ns5:birthPlace{URIRef}[10]
ns5:birthPlace{URIRef}[11],ns5:birthPlace{URIRef}[11]
ns5:birthPlace{URIRef}[12],ns5:birthPlace{URIRef}[12]
ns5:deathDate{Literal}[0](xsd:date),ns5:deathDate{Literal}[0](xsd:date)
ns5:deathDate{Literal}[1](xsd:date),ns5:deathDate{Literal}[1](xsd:date)
ns5:deathPlace{URIRef}[0],ns5:deathPlace{URIRef}[0]
ns5:deathPlace{URIRef}[1],ns5:deathPlace{URIRef}[1]
ns5:location{URIRef},ns5:location{URIRef}
ns5:nationality{URIRef}[0],ns5:nationality{URIRef}[0]
ns5:nationality{URIRef}[1],ns5:nationality{URIRef}[1]
ns5:nationality{URIRef}[2],ns5:nationality{URIRef}[2]
ns5:nationality{URIRef}[3],ns5:nationality{URIRef}[3]
ns5:nationality{URIRef}[4],ns5:nationality{URIRef}[4]
ns5:nationality{URIRef}[5],ns5:nationality{URIRef}[5]
ns5:nationality{URIRef}[6],ns5:nationality{URIRef}[6]
ns5:nationality{URIRef}[7],ns5:nationality{URIRef}[7]
ns5:nationality{URIRef}[8],ns5:nationality{URIRef}[8]
ns5:parent{URIRef}[0],ns5:parent{URIRef}[0]
ns5:parent{URIRef}[1],ns5:parent{URIRef}[1]
ns5:predecessor{URIRef},ns5:predecessor{URIRef}
ns5:related{URIRef},ns5:related{URIRef}
ns5:restingPlace{URIRef}[0],ns5:restingPlace{URIRef}[0]
ns5:restingPlace{URIRef}[1],ns5:restingPlace{URIRef}[1]
ns5:spouse{URIRef},ns5:spouse{URIRef}
ns5:successor{URIRef},ns5:successor{URIRef}
ns5:thumbnail{URIRef},ns5:thumbnail{URIRef}
ns5:wikiPageExternalLink{URIRef}[0],ns5:wikiPageExternalLink{URIRef}[0]
ns5:wikiPageExternalLink{URIRef}[1],ns5:wikiPageExternalLink{URIRef}[1]
ns5:wikiPageID{Literal}(xsd:integer),ns5:wikiPageID{Literal}(xsd:integer)
ns5:wikiPageRevisionID{Literal}(xsd:integer),ns5:wikiPageRevisionID{Literal}(xsd:integer)
ns5:wikiPageWikiLink{URIRef}[0],ns5:wikiPageWikiLink{URIRef}[0]
ns5:wikiPageWikiLink{URIRef}[1],ns5:wikiPageWikiLink{URIRef}[1]
ns5:wikiPageWikiLink{URIRef}[2],ns5:wikiPageWikiLink{URIRef}[2]
ns5:wikiPageWikiLink{URIRef}[3],ns5:wikiPageWikiLink{URIRef}[3]
ns5:wikiPageWikiLink{URIRef}[4],ns5:wikiPageWikiLink{URIRef}[4]
ns5:wikiPageWikiLink{URIRef}[5],ns5:wikiPageWikiLink{URIRef}[5]
ns5:wikiPageWikiLink{URIRef}[6],ns5:wikiPageWikiLink{URIRef}[6]
ns5:wikiPageWikiLink{URIRef}[7],ns5:wikiPageWikiLink{URIRef}[7]
ns5:wikiPageWikiLink{URIRef}[8],ns5:wikiPageWikiLink{URIRef}[8]
ns5:wikiPageWikiLink{URIRef}[9],ns5:wikiPageWikiLink{URIRef}[9]
ns5:wikiPageWikiLink{URIRef}[10],ns5:wikiPageWikiLink{URIRef}[10]
ns5:wikiPageWikiLink{URIRef}[11],ns5:wikiPageWikiLink{URIRef}[11]
ns5:wikiPageWikiLink{URIRef}[12],ns5:wikiPageWikiLink{URIRef}[12]
ns5:wikiPageWikiLink{URIRef}[13],ns5:wikiPageWikiLink{URIRef}[13]
ns5:wikiPageWikiLink{URIRef}[14],ns5:wikiPageWikiLink{URIRef}[14]
ns5:wikiPageWikiLink{URIRef}[15],ns5:wikiPageWikiLink{URIRef}[15]
ns5:wikiPageWikiLink{URIRef}[16],ns5:wikiPageWikiLink{URIRef}[16]
ns5:wikiPageWikiLink{URIRef}[17],ns5:wikiPageWikiLink{URIRef}[17]
ns5:wikiPageWikiLink{URIRef}[18],ns5:wikiPageWikiLink{URIRef}[18]
ns5:wikiPageWikiLink{URIRef}[19],ns5:wikiPageWikiLink{URIRef}[19]
ns5:wikiPageWikiLink{URIRef}[20],ns5:wikiPageWikiLink{URIRef}[20]
ns5:wikiPageWikiLink{URIRef}[21],ns5:wikiPageWikiLink{URIRef}[21]
ns5:wikiPageWikiLink{URIRef}[22],ns5:wikiPageWikiLink{URIRef}[22]
ns5:wikiPageWikiLink{URIRef}[23],ns5:wikiPageWikiLink{URIRef}[23]
ns5:wikiPageWikiLink{URIRef}[24],ns5:wikiPageWikiLink{URIRef}[24]
ns5:wikiPageWikiLink{URIRef}[25],ns5:wikiPageWikiLink{URIRef}[25]
ns5:wikiPageWikiLink{URIRef}[26],ns5:wikiPageWikiLink{URIRef}[26]
ns5:wikiPageWikiLink{URIRef}[27],ns5:wikiPageWikiLink{URIRef}[27]
ns5:wikiPageWikiLink{URIRef}[28],ns5:wikiPageWikiLink{URIRef}[28]
ns5:wikiPageWikiLink{URIRef}[29],ns5:wikiPageWikiLink{URIRef}[29]
ns5:wikiPageWikiLink{URIRef}[30],ns5:wikiPageWikiLink{URIRef}[30]
ns5:wikiPageWikiLink{URIRef}[31],ns5:wikiPageWikiLink{URIRef}[31]
ns5:wikiPageWikiLink{URIRef}[32],ns5:wikiPageWikiLink{URIRef}[32]
ns5:wikiPageWikiLink{URIRef}[33],ns5:wikiPageWikiLink{URIRef}[33]
ns5:wikiPageWikiLink{URIRef}[34],ns5:wikiPageWikiLink{URIRef}[34]
ns5:wikiPageWikiLink{URIRef}[35],ns5:wikiPageWikiLink{URIRef}[35]
ns5:wikiPageWikiLink{URIRef}[36],ns5:wikiPageWikiLink{URIRef}[36]
ns5:wikiPageWikiLink{URIRef}[37],ns5:wikiPageWikiLink{URIRef}[37]
ns5:wikiPageWikiLink{URIRef}[38],ns5:wikiPageWikiLink{URIRef}[38]
ns5:wikiPageWikiLink{URIRef}[39],ns5:wikiPageWikiLink{URIRef}[39]
ns5:wikiPageWikiLink{URIRef}[40],ns5:wikiPageWikiLink{URIRef}[40]
ns5:wikiPageWikiLink{URIRef}[41],ns5:wikiPageWikiLink{URIRef}[41]
ns5:wikiPageWikiLink{URIRef}[42],ns5:wikiPageWikiLink{URIRef}[42]
ns5:wikiPageWikiLink{URIRef}[43],ns5:wikiPageWikiLink{URIRef}[43]
ns5:wikiPageWikiLink{URIRef}[44],ns5:wikiPageWikiLink{URIRef}[44]
ns5:wikiPageWikiLink{URIRef}[45],ns5:wikiPageWikiLink{URIRef}[45]
ns5:wikiPageWikiLink{URIRef}[46],ns5:wikiPageWikiLink{URIRef}[46]
ns5:wikiPageWikiLink{URIRef}[47],ns5:wikiPageWikiLink{URIRef}[47]
ns5:wikiPageWikiLink{URIRef}[48],ns5:wikiPageWikiLink{URIRef}[48]
ns5:wikiPageWikiLink{URIRef}[49],ns5:wikiPageWikiLink{URIRef}[49]
ns5:wikiPageWikiLink{URIRef}[50],ns5:wikiPageWikiLink{URIRef}[50]
ns5:wikiPageWikiLink{URIRef}[51],ns5:wikiPageWikiLink{URIRef}[51]
ns5:wikiPageWikiLink{URIRef}[52],ns5:wikiPageWikiLink{URIRef}[52]
ns5:wikiPageWikiLink{URIRef}[53],ns5:wikiPageWikiLink{URIRef}[53]
ns5:wikiPageWikiLink{URIRef}[54],ns5:wikiPageWikiLink{URIRef}[54]
ns5:wikiPageWikiLink{URIRef}[55],ns5:wikiPageWikiLink{URIRef}[55]
ns5:wikiPageWikiLink{URIRef}[56],ns5:wikiPageWikiLink{URIRef}[56]
ns5:wikiPageWikiLink{URIRef}[57],ns5:wikiPageWikiLink{URIRef}[57]
ns5:wikiPageWikiLink{URIRef}[58],ns5:wikiPageWikiLink{URIRef}[58]
ns5:wikiPageWikiLink{URIRef}[59],ns5:wikiPageWikiLink{URIRef}[59]
ns5:wikiPageWikiLink{URIRef}[60],ns5:wikiPageWikiLink{URIRef}[60]
ns5:wikiPageWikiLink{URIRef}[61],ns5:wikiPageWikiLink{URIRef}[61]
ns5:wikiPageWikiLink{URIRef}[62],ns5:wikiPageWikiLink{URIRef}[62]
ns5:wikiPageWikiLink{URIRef}[63],ns5:wikiPageWikiLink{URIRef}[63]
ns5:wikiPageWikiLink{URIRef}[64],ns5:wikiPageWikiLink{URIRef}[64]
ns5:wikiPageWikiLink{URIRef}[65],ns5:wikiPageWikiLink{URIRef}[65]
ns5:wikiPageWikiLink{URIRef}[66],ns5:wikiPageWikiLink{URIRef}[66]
ns5:wikiPageWikiLink{URIRef}[67],ns5:wikiPageWikiLink{URIRef}[67]
ns5:wikiPageWikiLink{URIRef}[68],ns5:wikiPageWikiLink{URIRef}[68]
ns5:wikiPageWikiLink{URIRef}[69],ns5:wikiPageWikiLink{URIRef}[69]
ns5:wikiPageWikiLink{URIRef}[70],ns5:wikiPageWikiLink{URIRef}[70]
ns5:wikiPageWikiLink{URIRef}[71],ns5:wikiPageWikiLink{URIRef}[71]
ns5:wikiPageWikiLink{URIRef}[72],ns5:wikiPageWikiLink{URIRef}[72]
ns5:wikiPageWikiLink{URIRef}[73],ns5:wikiPageWikiLink{URIRef}[73]
ns5:wikiPageWikiLink{URIRef}[74],ns5:wikiPageWikiLink{URIRef}[74]
ns5:wikiPageWikiLink{URIRef}[75],ns5:wikiPageWikiLink{URIRef}[75]
ns5:wikiPageWikiLink{URIRef}[76],ns5:wikiPageWikiLink{URIRef}[76]
ns5:wikiPageWikiLink{URIRef}[77],ns5:wikiPageWikiLink{URIRef}[77]
ns5:wikiPageWikiLink{URIRef}[78],ns5:wikiPageWikiLink{URIRef}[78]
ns5:wikiPageWikiLink{URIRef}[79],ns5:wikiPageWikiLink{URIRef}[79]
ns5:wikiPageWikiLink{URIRef}[80],ns5:wikiPageWikiLink{URIRef}[80]
ns5:wikiPageWikiLink{URIRef}[81],ns5:wikiPageWikiLink{URIRef}[81]
ns5:wikiPageWikiLink{URIRef}[82],ns5:wikiPageWikiLink{URIRef}[82]
ns5:wikiPageWikiLink{URIRef}[83],ns5:wikiPageWikiLink{URIRef}[83]
ns5:wikiPageWikiLink{URIRef}[84],ns5:wikiPageWikiLink{URIRef}[84]
ns5:wikiPageWikiLink{URIRef}[85],ns5:wikiPageWikiLink{URIRef}[85]
ns5:wikiPageWikiLink{URIRef}[86],ns5:wikiPageWikiLink{URIRef}[86]
ns5:wikiPageWikiLink{URIRef}[87],ns5:wikiPageWikiLink{URIRef}[87]
ns5:wikiPageWikiLink{URIRef}[88],ns5:wikiPageWikiLink{URIRef}[88]
ns5:wikiPageWikiLink{URIRef}[89],ns5:wikiPageWikiLink{URIRef}[89]
ns5:wikiPageWikiLink{URIRef}[90],ns5:wikiPageWikiLink{URIRef}[90]
ns5:wikiPageWikiLink{URIRef}[91],ns5:wikiPageWikiLink{URIRef}[91]
ns5:wikiPageWikiLink{URIRef}[92],ns5:wikiPageWikiLink{URIRef}[92]
ns5:wikiPageWikiLink{URIRef}[93],ns5:wikiPageWikiLink{URIRef}[93]
ns5:wikiPageWikiLink{URIRef}[94],ns5:wikiPageWikiLink{URIRef}[94]
ns5:wikiPageWikiLink{URIRef}[95],ns5:wikiPageWikiLink{URIRef}[95]
ns5:wikiPageWikiLink{URIRef}[96],ns5:wikiPageWikiLink{URIRef}[96]
ns5:wikiPageWikiLink{URIRef}[97],ns5:wikiPageWikiLink{URIRef}[97]
ns5:wikiPageWikiLink{URIRef}[98],ns5:wikiPageWikiLink{URIRef}[98]
ns5:wikiPageWikiLink{URIRef}[99],ns5:wikiPageWikiLink{URIRef}[99]
ns5:wikiPageWikiLink{URIRef}[100],ns5:wikiPageWikiLink{URIRef}[100]
ns5:wikiPageWikiLink{URIRef}[101],ns5:wikiPageWikiLink{URIRef}[101]
ns5:wikiPageWikiLink{URIRef}[102],ns5:wikiPageWikiLink{URIRef}[102]
ns5:wikiPageWikiLink{URIRef}[103],ns5:wikiPageWikiLink{URIRef}[103]
ns5:wikiPageWikiLink{URIRef}[104],ns5:wikiPageWikiLink{URIRef}[104]
ns5:wikiPageWikiLink{URIRef}[105],ns5:wikiPageWikiLink{URIRef}[105]
ns5:wikiPageWikiLink{URIRef}[106],ns5:wikiPageWikiLink{URIRef}[106]
ns5:wikiPageWikiLink{URIRef}[107],ns5:wikiPageWikiLink{URIRef}[107]
ns5:wikiPageWikiLink{URIRef}[108],ns5:wikiPageWikiLink{URIRef}[108]
ns5:wikiPageWikiLink{URIRef}[109],ns5:wikiPageWikiLink{URIRef}[109]
ns5:wikiPageWikiLink{URIRef}[110],ns5:wikiPageWikiLink{URIRef}[110]
ns5:wikiPageWikiLink{URIRef}[111],ns5:wikiPageWikiLink{URIRef}[111]
ns5:wikiPageWikiLink{URIRef}[112],ns5:wikiPageWikiLink{URIRef}[112]
ns5:wikiPageWikiLink{URIRef}[113],ns5:wikiPageWikiLink{URIRef}[113]
ns5:wikiPageWikiLink{URIRef}[114],ns5:wikiPageWikiLink{URIRef}[114]
ns5:wikiPageWikiLink{URIRef}[115],ns5:wikiPageWikiLink{URIRef}[115]
ns5:wikiPageWikiLink{URIRef}[116],ns5:wikiPageWikiLink{URIRef}[116]
ns5:wikiPageWikiLink{URIRef}[117],ns5:wikiPageWikiLink{URIRef}[117]
ns5:wikiPageWikiLink{URIRef}[118],ns5:wikiPageWikiLink{URIRef}[118]
ns5:wikiPageWikiLink{URIRef}[119],ns5:wikiPageWikiLink{URIRef}[119]
ns5:wikiPageWikiLink{URIRef}[120],ns5:wikiPageWikiLink{URIRef}[120]
ns5:wikiPageWikiLink{URIRef}[121],ns5:wikiPageWikiLink{URIRef}[121]
ns5:wikiPageWikiLink{URIRef}[122],ns5:wikiPageWikiLink{URIRef}[122]
ns5:wikiPageWikiLink{URIRef}[123],ns5:wikiPageWikiLink{URIRef}[123]
ns5:wikiPageWikiLink{URIRef}[124],ns5:wikiPageWikiLink{URIRef}[124]
ns5:wikiPageWikiLink{URIRef}[125],ns5:wikiPageWikiLink{URIRef}[125]
ns5:wikiPageWikiLink{URIRef}[126],ns5:wikiPageWikiLink{URIRef}[126]
ns5:wikiPageWikiLink{URIRef}[127],ns5:wikiPageWikiLink{URIRef}[127]
ns5:wikiPageWikiLink{URIRef}[128],ns5:wikiPageWikiLink{URIRef}[128]
ns5:wikiPageWikiLink{URIRef}[129],ns5:wikiPageWikiLink{URIRef}[129]
ns5:wikiPageWikiLink{URIRef}[130],ns5:wikiPageWikiLink{URIRef}[130]
ns5:wikiPageWikiLink{URIRef}[131],ns5:wikiPageWikiLink{URIRef}[131]
ns5:wikiPageWikiLink{URIRef}[132],ns5:wikiPageWikiLink{URIRef}[132]
ns5:wikiPageWikiLink{URIRef}[133],ns5:wikiPageWikiLink{URIRef}[133]
ns5:wikiPageWikiLink{URIRef}[134],ns5:wikiPageWikiLink{URIRef}[134]
ns5:wikiPageWikiLink{URIRef}[135],ns5:wikiPageWikiLink{URIRef}[135]
ns5:wikiPageWikiLink{URIRef}[136],ns5:wikiPageWikiLink{URIRef}[136]
ns5:wikiPageWikiLink{URIRef}[137],ns5:wikiPageWikiLink{URIRef}[137]
ns5:wikiPageWikiLink{URIRef}[138],ns5:wikiPageWikiLink{URIRef}[138]
ns5:wikiPageWikiLink{URIRef}[139],ns5:wikiPageWikiLink{URIRef}[139]
ns5:wikiPageWikiLink{URIRef}[140],ns5:wikiPageWikiLink{URIRef}[140]
ns5:wikiPageWikiLink{URIRef}[141],ns5:wikiPageWikiLink{URIRef}[141]
ns5:wikiPageWikiLink{URIRef}[142],ns5:wikiPageWikiLink{URIRef}[142]
ns5:wikiPageWikiLink{URIRef}[143],ns5:wikiPageWikiLink{URIRef}[143]
ns5:wikiPageWikiLink{URIRef}[144],ns5:wikiPageWikiLink{URIRef}[144]
ns5:wikiPageWikiLink{URIRef}[145],ns5:wikiPageWikiLink{URIRef}[145]
ns5:wikiPageWikiLink{URIRef}[146],ns5:wikiPageWikiLink{URIRef}[146]
ns5:wikiPageWikiLink{URIRef}[147],ns5:wikiPageWikiLink{URIRef}[147]
ns5:wikiPageWikiLink{URIRef}[148],ns5:wikiPageWikiLink{URIRef}[148]
ns5:wikiPageWikiLink{URIRef}[149],ns5:wikiPageWikiLink{URIRef}[149]
ns5:wikiPageWikiLink{URIRef}[150],ns5:wikiPageWikiLink{URIRef}[150]
ns5:wikiPageWikiLink{URIRef}[151],ns5:wikiPageWikiLink{URIRef}[151]
ns5:wikiPageWikiLink{URIRef}[152],ns5:wikiPageWikiLink{URIRef}[152]
ns5:wikiPageWikiLink{URIRef}[153],ns5:wikiPageWikiLink{URIRef}[153]
ns5:wikiPageWikiLink{URIRef}[154],ns5:wikiPageWikiLink{URIRef}[154]
ns5:wikiPageWikiLink{URIRef}[155],ns5:wikiPageWikiLink{URIRef}[155]
ns5:wikiPageWikiLink{URIRef}[156],ns5:wikiPageWikiLink{URIRef}[156]
ns5:wikiPageWikiLink{URIRef}[157],ns5:wikiPageWikiLink{URIRef}[157]
ns5:wikiPageWikiLink{URIRef}[158],ns5:wikiPageWikiLink{URIRef}[158]
ns5:wikiPageWikiLink{URIRef}[159],ns5:wikiPageWikiLink{URIRef}[159]
ns5:wikiPageWikiLink{URIRef}[160],ns5:wikiPageWikiLink{URIRef}[160]
ns5:wikiPageWikiLink{URIRef}[161],ns5:wikiPageWikiLink{URIRef}[161]
ns5:wikiPageWikiLink{URIRef}[162],ns5:wikiPageWikiLink{URIRef}[162]
ns5:wikiPageWikiLink{URIRef}[163],ns5:wikiPageWikiLink{URIRef}[163]
ns5:wikiPageWikiLink{URIRef}[164],ns5:wikiPageWikiLink{URIRef}[164]
ns5:wikiPageWikiLink{URIRef}[165],ns5:wikiPageWikiLink{URIRef}[165]
ns5:wikiPageWikiLink{URIRef}[166],ns5:wikiPageWikiLink{URIRef}[166]
ns5:wikiPageWikiLink{URIRef}[167],ns5:wikiPageWikiLink{URIRef}[167]
ns5:wikiPageWikiLink{URIRef}[168],ns5:wikiPageWikiLink{URIRef}[168]
ns5:wikiPageWikiLink{URIRef}[169],ns5:wikiPageWikiLink{URIRef}[169]
ns5:wikiPageWikiLink{URIRef}[170],ns5:wikiPageWikiLink{URIRef}[170]
ns5:wikiPageWikiLink{URIRef}[171],ns5:wikiPageWikiLink{URIRef}[171]
ns5:wikiPageWikiLink{URIRef}[172],ns5:wikiPageWikiLink{URIRef}[172]
ns5:wikiPageWikiLink{URIRef}[173],ns5:wikiPageWikiLink{URIRef}[173]
ns5:wikiPageWikiLink{URIRef}[174],ns5:wikiPageWikiLink{URIRef}[174]
ns5:wikiPageWikiLink{URIRef}[175],ns5:wikiPageWikiLink{URIRef}[175]
ns5:wikiPageWikiLink{URIRef}[176],ns5:wikiPageWikiLink{URIRef}[176]
ns5:wikiPageWikiLink{URIRef}[177],ns5:wikiPageWikiLink{URIRef}[177]
ns5:wikiPageWikiLink{URIRef}[178],ns5:wikiPageWikiLink{URIRef}[178]
ns5:wikiPageWikiLink{URIRef}[179],ns5:wikiPageWikiLink{URIRef}[179]
ns5:wikiPageWikiLink{URIRef}[180],ns5:wikiPageWikiLink{URIRef}[180]
ns5:wikiPageWikiLink{URIRef}[181],ns5:wikiPageWikiLink{URIRef}[181]
ns5:wikiPageWikiLink{URIRef}[182],ns5:wikiPageWikiLink{URIRef}[182]
ns5:wikiPageWikiLink{URIRef}[183],ns5:wikiPageWikiLink{URIRef}[183]
ns5:wikiPageWikiLink{URIRef}[184],ns5:wikiPageWikiLink{URIRef}[184]
ns5:wikiPageWikiLink{URIRef}[185],ns5:wikiPageWikiLink{URIRef}[185]
ns5:wikiPageWikiLink{URIRef}[186],ns5:wikiPageWikiLink{URIRef}[186]
ns5:wikiPageWikiLink{URIRef}[187],ns5:wikiPageWikiLink{URIRef}[187]
ns5:wikiPageWikiLink{URIRef}[188],ns5:wikiPageWikiLink{URIRef}[188]
ns5:wikiPageWikiLink{URIRef}[189],ns5:wikiPageWikiLink{URIRef}[189]
ns5:wikiPageWikiLink{URIRef}[190],ns5:wikiPageWikiLink{URIRef}[190]
ns5:wikiPageWikiLink{URIRef}[191],ns5:wikiPageWikiLink{URIRef}[191]
ns5:wikiPageWikiLink{URIRef}[192],ns5:wikiPageWikiLink{URIRef}[192]
ns5:wikiPageWikiLink{URIRef}[193],ns5:wikiPageWikiLink{URIRef}[193]
ns5:wikiPageWikiLink{URIRef}[194],ns5:wikiPageWikiLink{URIRef}[194]
ns5:wikiPageWikiLink{URIRef}[195],ns5:wikiPageWikiLink{URIRef}[195]
ns5:wikiPageWikiLink{URIRef}[196],ns5:wikiPageWikiLink{URIRef}[196]
ns5:wikiPageWikiLink{URIRef}[197],ns5:wikiPageWikiLink{URIRef}[197]
ns5:wikiPageWikiLink{URIRef}[198],ns5:wikiPageWikiLink{URIRef}[198]
ns5:wikiPageWikiLink{URIRef}[199],ns5:wikiPageWikiLink{URIRef}[199]
ns5:wikiPageWikiLink{URIRef}[200],ns5:wikiPageWikiLink{URIRef}[200]
ns5:wikiPageWikiLink{URIRef}[201],ns5:wikiPageWikiLink{URIRef}[201]
ns5:wikiPageWikiLink{URIRef}[202],ns5:wikiPageWikiLink{URIRef}[202]
ns5:wikiPageWikiLink{URIRef}[203],ns5:wikiPageWikiLink{URIRef}[203]
ns5:wikiPageWikiLink{URIRef}[204],ns5:wikiPageWikiLink{URIRef}[204]
ns5:wikiPageWikiLink{URIRef}[205],ns5:wikiPageWikiLink{URIRef}[205]
ns5:wikiPageWikiLink{URIRef}[206],ns5:wikiPageWikiLink{URIRef}[206]
ns5:wikiPageWikiLink{URIRef}[207],ns5:wikiPageWikiLink{URIRef}[207]
ns5:wikiPageWikiLink{URIRef}[208],ns5:wikiPageWikiLink{URIRef}[208]
ns5:wikiPageWikiLink{URIRef}[209],ns5:wikiPageWikiLink{URIRef}[209]
ns5:wikiPageWikiLink{URIRef}[210],ns5:wikiPageWikiLink{URIRef}[210]
ns5:wikiPageWikiLink{URIRef}[211],ns5:wikiPageWikiLink{URIRef}[211]
ns5:wikiPageWikiLink{URIRef}[212],ns5:wikiPageWikiLink{URIRef}[212]
ns5:wikiPageWikiLink{URIRef}[213],ns5:wikiPageWikiLink{URIRef}[213]
ns5:wikiPageWikiLink{URIRef}[214],ns5:wikiPageWikiLink{URIRef}[214]
ns5:wikiPageWikiLink{URIRef}[215],ns5:wikiPageWikiLink{URIRef}[215]
ns5:wikiPageWikiLink{URIRef}[216],ns5:wikiPageWikiLink{URIRef}[216]
ns5:wikiPageWikiLink{URIRef}[217],ns5:wikiPageWikiLink{URIRef}[217]
ns5:wikiPageWikiLink{URIRef}[218],ns5:wikiPageWikiLink{URIRef}[218]
ns5:wikiPageWikiLink{URIRef}[219],ns5:wikiPageWikiLink{URIRef}[219]
ns5:wikiPageWikiLink{URIRef}[220],ns5:wikiPageWikiLink{URIRef}[220]
ns5:wikiPageWikiLink{URIRef}[221],ns5:wikiPageWikiLink{URIRef}[221]
ns5:wikiPageWikiLink{URIRef}[222],ns5:wikiPageWikiLink{URIRef}[222]
ns5:wikiPageWikiLink{URIRef}[223],ns5:wikiPageWikiLink{URIRef}[223]
ns5:wikiPageWikiLink{URIRef}[224],ns5:wikiPageWikiLink{URIRef}[224]
ns5:wikiPageWikiLink{URIRef}[225],ns5:wikiPageWikiLink{URIRef}[225]
ns5:wikiPageWikiLink{URIRef}[226],ns5:wikiPageWikiLink{URIRef}[226]
ns5:wikiPageWikiLink{URIRef}[227],ns5:wikiPageWikiLink{URIRef}[227]
ns5:wikiPageWikiLink{URIRef}[228],ns5:wikiPageWikiLink{URIRef}[228]
ns5:wikiPageWikiLink{URIRef}[229],ns5:wikiPageWikiLink{URIRef}[229]
ns5:wikiPageWikiLink{URIRef}[230],ns5:wikiPageWikiLink{URIRef}[230]
ns5:wikiPageWikiLink{URIRef}[231],ns5:wikiPageWikiLink{URIRef}[231]
ns5:wikiPageWikiLink{URIRef}[232],ns5:wikiPageWikiLink{URIRef}[232]
ns5:wikiPageWikiLink{URIRef}[233],ns5:wikiPageWikiLink{URIRef}[233]
ns5:wikiPageWikiLink{URIRef}[234],ns5:wikiPageWikiLink{URIRef}[234]
ns5:wikiPageWikiLink{URIRef}[235],ns5:wikiPageWikiLink{URIRef}[235]
ns5:wikiPageWikiLink{URIRef}[236],ns5:wikiPageWikiLink{URIRef}[236]
ns5:wikiPageWikiLink{URIRef}[237],ns5:wikiPageWikiLink{URIRef}[237]
ns5:wikiPageWikiLink{URIRef}[238],ns5:wikiPageWikiLink{URIRef}[238]
ns5:wikiPageWikiLink{URIRef}[239],ns5:wikiPageWikiLink{URIRef}[239]
ns5:wikiPageWikiLink{URIRef}[240],ns5:wikiPageWikiLink{URIRef}[240]
ns5:wikiPageWikiLink{URIRef}[241],ns5:wikiPageWikiLink{URIRef}[241]
ns5:wikiPageWikiLink{URIRef}[242],ns5:wikiPageWikiLink{URIRef}[242]
ns5:wikiPageWikiLink{URIRef}[243],ns5:wikiPageWikiLink{URIRef}[243]
ns5:wikiPageWikiLink{URIRef}[244],ns5:wikiPageWikiLink{URIRef}[244]
ns5:wikiPageWikiLink{URIRef}[245],ns5:wikiPageWikiLink{URIRef}[245]
ns5:wikiPageWikiLink{URIRef}[246],ns5:wikiPageWikiLink{URIRef}[246]
ns5:wikiPageWikiLink{URIRef}[247],ns5:wikiPageWikiLink{URIRef}[247]
ns5:wikiPageWikiLink{URIRef}[248],ns5:wikiPageWikiLink{URIRef}[248]
ns5:wikiPageWikiLink{URIRef}[249],ns5:wikiPageWikiLink{URIRef}[249]
ns5:wikiPageWikiLink{URIRef}[250],ns5:wikiPageWikiLink{URIRef}[250]
ns5:wikiPageWikiLink{URIRef}[251],ns5:wikiPageWikiLink{URIRef}[251]
ns5:wikiPageWikiLink{URIRef}[252],ns5:wikiPageWikiLink{URIRef}[252]
ns5:wikiPageWikiLink{URIRef}[253],ns5:wikiPageWikiLink{URIRef}[253]
ns5:wikiPageWikiLink{URIRef}[254],ns5:wikiPageWikiLink{URIRef}[254]
ns5:wikiPageWikiLink{URIRef}[255],ns5:wikiPageWikiLink{URIRef}[255]
ns5:wikiPageWikiLink{URIRef}[256],ns5:wikiPageWikiLink{URIRef}[256]
ns5:wikiPageWikiLink{URIRef}[257],ns5:wikiPageWikiLink{URIRef}[257]
ns5:wikiPageWikiLink{URIRef}[258],ns5:wikiPageWikiLink{URIRef}[258]
ns5:wikiPageWikiLink{URIRef}[259],ns5:wikiPageWikiLink{URIRef}[259]
ns5:wikiPageWikiLink{URIRef}[260],ns5:wikiPageWikiLink{URIRef}[260]
ns5:wikiPageWikiLink{URIRef}[261],ns5:wikiPageWikiLink{URIRef}[261]
ns5:wikiPageWikiLink{URIRef}[262],ns5:wikiPageWikiLink{URIRef}[262]
ns5:wikiPageWikiLink{URIRef}[263],ns5:wikiPageWikiLink{URIRef}[263]
ns5:wikiPageWikiLink{URIRef}[264],ns5:wikiPageWikiLink{URIRef}[264]
ns5:wikiPageWikiLink{URIRef}[265],ns5:wikiPageWikiLink{URIRef}[265]
ns5:wikiPageWikiLink{URIRef}[266],ns5:wikiPageWikiLink{URIRef}[266]
ns5:wikiPageWikiLink{URIRef}[267],ns5:wikiPageWikiLink{URIRef}[267]
ns5:wikiPageWikiLink{URIRef}[268],ns5:wikiPageWikiLink{URIRef}[268]
ns5:wikiPageWikiLink{URIRef}[269],ns5:wikiPageWikiLink{URIRef}[269]
ns5:wikiPageWikiLink{URIRef}[270],ns5:wikiPageWikiLink{URIRef}[270]
ns5:wikiPageWikiLink{URIRef}[271],ns5:wikiPageWikiLink{URIRef}[271]
ns5:wikiPageWikiLink{URIRef}[272],ns5:wikiPageWikiLink{URIRef}[272]
ns5:wikiPageWikiLink{URIRef}[273],ns5:wikiPageWikiLink{URIRef}[273]
ns5:wikiPageWikiLink{URIRef}[274],ns5:wikiPageWikiLink{URIRef}[274]
ns5:wikiPageWikiLink{URIRef}[275],ns5:wikiPageWikiLink{URIRef}[275]
ns5:wikiPageWikiLink{URIRef}[276],ns5:wikiPageWikiLink{URIRef}[276]
ns5:wikiPageWikiLink{URIRef}[277],ns5:wikiPageWikiLink{URIRef}[277]
ns5:wikiPageWikiLink{URIRef}[278],ns5:wikiPageWikiLink{URIRef}[278]
ns5:wikiPageWikiLink{URIRef}[279],ns5:wikiPageWikiLink{URIRef}[279]
ns5:wikiPageWikiLink{URIRef}[280],ns5:wikiPageWikiLink{URIRef}[280]
ns5:wikiPageWikiLink{URIRef}[281],ns5:wikiPageWikiLink{URIRef}[281]
ns5:wikiPageWikiLink{URIRef}[282],ns5:wikiPageWikiLink{URIRef}[282]
ns5:wikiPageWikiLink{URIRef}[283],ns5:wikiPageWikiLink{URIRef}[283]
ns5:wikiPageWikiLink{URIRef}[284],ns5:wikiPageWikiLink{URIRef}[284]
ns5:wikiPageWikiLink{URIRef}[285],ns5:wikiPageWikiLink{URIRef}[285]
ns5:wikiPageWikiLink{URIRef}[286],ns5:wikiPageWikiLink{URIRef}[286]
ns5:wikiPageWikiLink{URIRef}[287],ns5:wikiPageWikiLink{URIRef}[287]
ns5:wikiPageWikiLink{URIRef}[288],ns5:wikiPageWikiLink{URIRef}[288]
ns5:wikiPageWikiLink{URIRef}[289],ns5:wikiPageWikiLink{URIRef}[289]
ns5:wikiPageWikiLink{URIRef}[290],ns5:wikiPageWikiLink{URIRef}[290]
ns5:wikiPageWikiLink{URIRef}[291],ns5:wikiPageWikiLink{URIRef}[291]
ns5:wikiPageWikiLink{URIRef}[292],ns5:wikiPageWikiLink{URIRef}[292]
ns5:wikiPageWikiLink{URIRef}[293],ns5:wikiPageWikiLink{URIRef}[293]
ns5:wikiPageWikiLink{URIRef}[294],ns5:wikiPageWikiLink{URIRef}[294]
ns5:wikiPageWikiLink{URIRef}[295],ns5:wikiPageWikiLink{URIRef}[295]
ns5:wikiPageWikiLink{URIRef}[296],ns5:wikiPageWikiLink{URIRef}[296]
ns5:wikiPageWikiLink{URIRef}[297],ns5:wikiPageWikiLink{URIRef}[297]
ns5:wikiPageWikiLink{URIRef}[298],ns5:wikiPageWikiLink{URIRef}[298]
ns5:wikiPageWikiLink{URIRef}[299],ns5:wikiPageWikiLink{URIRef}[299]
ns5:wikiPageWikiLink{URIRef}[300],ns5:wikiPageWikiLink{URIRef}[300]
ns5:wikiPageWikiLink{URIRef}[301],ns5:wikiPageWikiLink{URIRef}[301]
ns5:wikiPageWikiLink{URIRef}[302],ns5:wikiPageWikiLink{URIRef}[302]
ns5:wikiPageWikiLink{URIRef}[303],ns5:wikiPageWikiLink{URIRef}[303]
ns5:wikiPageWikiLink{URIRef}[304],ns5:wikiPageWikiLink{URIRef}[304]
ns5:wikiPageWikiLink{URIRef}[305],ns5:wikiPageWikiLink{URIRef}[305]
ns5:wikiPageWikiLink{URIRef}[306],ns5:wikiPageWikiLink{URIRef}[306]
ns5:wikiPageWikiLink{URIRef}[307],ns5:wikiPageWikiLink{URIRef}[307]
ns5:wikiPageWikiLink{URIRef}[308],ns5:wikiPageWikiLink{URIRef}[308]
ns5:wikiPageWikiLink{URIRef}[309],ns5:wikiPageWikiLink{URIRef}[309]
ns5:wikiPageWikiLink{URIRef}[310],ns5:wikiPageWikiLink{URIRef}[310]
ns5:wikiPageWikiLink{URIRef}[311],ns5:wikiPageWikiLink{URIRef}[311]
ns5:wikiPageWikiLink{URIRef}[312],ns5:wikiPageWikiLink{URIRef}[312]
ns5:wikiPageWikiLink{URIRef}[313],ns5:wikiPageWikiLink{URIRef}[313]
ns5:wikiPageWikiLink{URIRef}[314],ns5:wikiPageWikiLink{URIRef}[314]
ns5:wikiPageWikiLink{URIRef}[315],ns5:wikiPageWikiLink{URIRef}[315]
ns5:wikiPageWikiLink{URIRef}[316],ns5:wikiPageWikiLink{URIRef}[316]
ns5:wikiPageWikiLink{URIRef}[317],ns5:wikiPageWikiLink{URIRef}[317]
ns5:wikiPageWikiLink{URIRef}[318],ns5:wikiPageWikiLink{URIRef}[318]
ns5:wikiPageWikiLink{URIRef}[319],ns5:wikiPageWikiLink{URIRef}[319]
ns5:wikiPageWikiLink{URIRef}[320],ns5:wikiPageWikiLink{URIRef}[320]
ns5:wikiPageWikiLink{URIRef}[321],ns5:wikiPageWikiLink{URIRef}[321]
ns5:wikiPageWikiLink{URIRef}[322],ns5:wikiPageWikiLink{URIRef}[322]
ns5:wikiPageWikiLink{URIRef}[323],ns5:wikiPageWikiLink{URIRef}[323]
ns5:wikiPageWikiLink{URIRef}[324],ns5:wikiPageWikiLink{URIRef}[324]
ns5:wikiPageWikiLink{URIRef}[325],ns5:wikiPageWikiLink{URIRef}[325]
ns5:wikiPageWikiLink{URIRef}[326],ns5:wikiPageWikiLink{URIRef}[326]
ns5:wikiPageWikiLink{URIRef}[327],ns5:wikiPageWikiLink{URIRef}[327]
ns5:wikiPageWikiLink{URIRef}[328],ns5:wikiPageWikiLink{URIRef}[328]
ns5:wikiPageWikiLink{URIRef}[329],ns5:wikiPageWikiLink{URIRef}[329]
ns5:wikiPageWikiLink{URIRef}[330],ns5:wikiPageWikiLink{URIRef}[330]
ns5:wikiPageWikiLink{URIRef}[331],ns5:wikiPageWikiLink{URIRef}[331]
ns5:wikiPageWikiLink{URIRef}[332],ns5:wikiPageWikiLink{URIRef}[332]
ns5:wikiPageWikiLink{URIRef}[333],ns5:wikiPageWikiLink{URIRef}[333]
ns5:wikiPageWikiLink{URIRef}[334],ns5:wikiPageWikiLink{URIRef}[334]
ns5:wikiPageWikiLink{URIRef}[335],ns5:wikiPageWikiLink{URIRef}[335]
ns5:wikiPageWikiLink{URIRef}[336],ns5:wikiPageWikiLink{URIRef}[336]
ns5:wikiPageWikiLink{URIRef}[337],ns5:wikiPageWikiLink{URIRef}[337]
ns5:wikiPageWikiLink{URIRef}[338],ns5:wikiPageWikiLink{URIRef}[338]
ns5:wikiPageWikiLink{URIRef}[339],ns5:wikiPageWikiLink{URIRef}[339]
ns5:wikiPageWikiLink{URIRef}[340],ns5:wikiPageWikiLink{URIRef}[340]
ns5:wikiPageWikiLink{URIRef}[341],ns5:wikiPageWikiLink{URIRef}[341]
ns5:wikiPageWikiLink{URIRef}[342],ns5:wikiPageWikiLink{URIRef}[342]
ns5:wikiPageWikiLink{URIRef}[343],ns5:wikiPageWikiLink{URIRef}[343]
ns5:wikiPageWikiLink{URIRef}[344],ns5:wikiPageWikiLink{URIRef}[344]
ns5:wikiPageWikiLink{URIRef}[345],ns5:wikiPageWikiLink{URIRef}[345]
ns5:wikiPageWikiLink{URIRef}[346],ns5:wikiPageWikiLink{URIRef}[346]
ns5:wikiPageWikiLink{URIRef}[347],ns5:wikiPageWikiLink{URIRef}[347]
ns5:wikiPageWikiLink{URIRef}[348],ns5:wikiPageWikiLink{URIRef}[348]
ns5:wikiPageWikiLink{URIRef}[349],ns5:wikiPageWikiLink{URIRef}[349]
ns5:wikiPageWikiLink{URIRef}[350],ns5:wikiPageWikiLink{URIRef}[350]
ns5:wikiPageWikiLink{URIRef}[351],ns5:wikiPageWikiLink{URIRef}[351]
ns5:wikiPageWikiLink{URIRef}[352],ns5:wikiPageWikiLink{URIRef}[352]
ns5:wikiPageWikiLink{URIRef}[353],ns5:wikiPageWikiLink{URIRef}[353]
ns5:wikiPageWikiLink{URIRef}[354],ns5:wikiPageWikiLink{URIRef}[354]
ns5:wikiPageWikiLink{URIRef}[355],ns5:wikiPageWikiLink{URIRef}[355]
ns5:wikiPageWikiLink{URIRef}[356],ns5:wikiPageWikiLink{URIRef}[356]
ns5:wikiPageWikiLink{URIRef}[357],ns5:wikiPageWikiLink{URIRef}[357]
ns5:wikiPageWikiLink{URIRef}[358],ns5:wikiPageWikiLink{URIRef}[358]
ns5:wikiPageWikiLink{URIRef}[359],ns5:wikiPageWikiLink{URIRef}[359]
ns5:wikiPageWikiLink{URIRef}[360],ns5:wikiPageWikiLink{URIRef}[360]
ns5:wikiPageWikiLink{URIRef}[361],ns5:wikiPageWikiLink{URIRef}[361]
ns5:wikiPageWikiLink{URIRef}[362],ns5:wikiPageWikiLink{URIRef}[362]
ns5:wikiPageWikiLink{URIRef}[363],ns5:wikiPageWikiLink{URIRef}[363]
ns5:wikiPageWikiLink{URIRef}[364],ns5:wikiPageWikiLink{URIRef}[364]
ns5:wikiPageWikiLink{URIRef}[365],ns5:wikiPageWikiLink{URIRef}[365]
ns5:wikiPageWikiLink{URIRef}[366],ns5:wikiPageWikiLink{URIRef}[366]
ns5:wikiPageWikiLink{URIRef}[367],ns5:wikiPageWikiLink{URIRef}[367]
ns5:wikiPageWikiLink{URIRef}[368],ns5:wikiPageWikiLink{URIRef}[368]
ns5:wikiPageWikiLink{URIRef}[369],ns5:wikiPageWikiLink{URIRef}[369]
ns5:wikiPageWikiLink{URIRef}[370],ns5:wikiPageWikiLink{URIRef}[370]
ns5:wikiPageWikiLink{URIRef}[371],ns5:wikiPageWikiLink{URIRef}[371]
ns5:wikiPageWikiLink{URIRef}[372],ns5:wikiPageWikiLink{URIRef}[372]
ns5:wikiPageWikiLink{URIRef}[373],ns5:wikiPageWikiLink{URIRef}[373]
ns5:wikiPageWikiLink{URIRef}[374],ns5:wikiPageWikiLink{URIRef}[374]
ns5:wikiPageWikiLink{URIRef}[375],ns5:wikiPageWikiLink{URIRef}[375]
ns5:wikiPageWikiLink{URIRef}[376],ns5:wikiPageWikiLink{URIRef}[376]
ns5:wikiPageWikiLink{URIRef}[377],ns5:wikiPageWikiLink{URIRef}[377]
ns5:wikiPageWikiLink{URIRef}[378],ns5:wikiPageWikiLink{URIRef}[378]
ns5:wikiPageWikiLink{URIRef}[379],ns5:wikiPageWikiLink{URIRef}[379]
ns5:wikiPageWikiLink{URIRef}[380],ns5:wikiPageWikiLink{URIRef}[380]
ns5:wikiPageWikiLink{URIRef}[381],ns5:wikiPageWikiLink{URIRef}[381]
ns5:wikiPageWikiLink{URIRef}[382],ns5:wikiPageWikiLink{URIRef}[382]
ns5:wikiPageWikiLink{URIRef}[383],ns5:wikiPageWikiLink{URIRef}[383]
ns5:wikiPageWikiLink{URIRef}[384],ns5:wikiPageWikiLink{URIRef}[384]
ns5:wikiPageWikiLink{URIRef}[385],ns5:wikiPageWikiLink{URIRef}[385]
ns5:wikiPageWikiLink{URIRef}[386],ns5:wikiPageWikiLink{URIRef}[386]
ns5:wikiPageWikiLink{URIRef}[387],ns5:wikiPageWikiLink{URIRef}[387]
ns5:wikiPageWikiLink{URIRef}[388],ns5:wikiPageWikiLink{URIRef}[388]
dbpprop:after{URIRef},dbpprop:after{URIRef}
dbpprop:alt{Literal}(rdf:langString),dbpprop:alt{Literal}(rdf:langString)
dbpprop:as{URIRef},dbpprop:as{URIRef}
dbpprop:b{Literal}(rdf:langString),dbpprop:b{Literal}(rdf:langString)
dbpprop:caption{Literal}[0](rdf:langString),dbpprop:caption{Literal}[0](rdf:langString)
dbpprop:caption{Literal}[1](rdf:langString),dbpprop:caption{Literal}[1](rdf:langString)
dbpprop:collapsed{Literal}(rdf:langString),dbpprop:collapsed{Literal}(rdf:langString)
dbpprop:corType{URIRef},dbpprop:corType{URIRef}
dbpprop:corType{Literal}(rdf:langString),dbpprop:corType{Literal}(rdf:langString)
dbpprop:coronation{Literal}[0](xsd:date),dbpprop:coronation{Literal}[0](xsd:date)
dbpprop:coronation{Literal}[1](xsd:date),dbpprop:coronation{Literal}[1](xsd:date)
dbpprop:d{Literal}(rdf:langString),dbpprop:d{Literal}(rdf:langString)
dbpprop:dateOfBurial{Literal}(xsd:date),dbpprop:dateOfBurial{Literal}(xsd:date)
dbpprop:house{URIRef},dbpprop:house{URIRef}
dbpprop:issue{URIRef}[0],dbpprop:issue{URIRef}[0]
dbpprop:issue{URIRef}[1],dbpprop:issue{URIRef}[1]
dbpprop:issue{URIRef}[2],dbpprop:issue{URIRef}[2]
dbpprop:issue{URIRef}[3],dbpprop:issue{URIRef}[3]
dbpprop:issue{URIRef}[4],dbpprop:issue{URIRef}[4]
dbpprop:issue{URIRef}[5],dbpprop:issue{URIRef}[5]
dbpprop:issue{URIRef}[6],dbpprop:issue{URIRef}[6]
dbpprop:issue{URIRef}[7],dbpprop:issue{URIRef}[7]
dbpprop:issue{URIRef}[8],dbpprop:issue{URIRef}[8]
dbpprop:issueLink{Literal}(rdf:langString),dbpprop:issueLink{Literal}(rdf:langString)
dbpprop:last{URIRef},dbpprop:last{URIRef}
dbpprop:m{Literal}(rdf:langString),dbpprop:m{Literal}(rdf:langString)
dbpprop:mw{Literal}(rdf:langString),dbpprop:mw{Literal}(rdf:langString)
dbpprop:n{Literal}(rdf:langString),dbpprop:n{Literal}(rdf:langString)
dbpprop:regType{Literal}[0](rdf:langString),dbpprop:regType{Literal}[0](rdf:langString)
dbpprop:regType{Literal}[1](rdf:langString),dbpprop:regType{Literal}[1](rdf:langString)
dbpprop:regent{URIRef}[0],dbpprop:regent{URIRef}[0]
dbpprop:regent{URIRef}[1],dbpprop:regent{URIRef}[1]
dbpprop:reign{Literal}(xsd:gMonthDay),dbpprop:reign{Literal}(xsd:gMonthDay)
dbpprop:rows{Literal}(xsd:integer),dbpprop:rows{Literal}(xsd:integer)
dbpprop:s{Literal}(rdf:langString),dbpprop:s{Literal}(rdf:langString)
dbpprop:signature{Literal}(rdf:langString),dbpprop:signature{Literal}(rdf:langString)
dbpprop:species{Literal}(rdf:langString),dbpprop:species{Literal}(rdf:langString)
dbpprop:succession{URIRef}[0],dbpprop:succession{URIRef}[0]
dbpprop:succession{URIRef}[1],dbpprop:succession{URIRef}[1]
dbpprop:successor{URIRef},dbpprop:successor{URIRef}
dbpprop:title{URIRef}[0],dbpprop:title{URIRef}[0]
dbpprop:title{URIRef}[1],dbpprop:title{URIRef}[1]
dbpprop:v{Literal}(rdf:langString),dbpprop:v{Literal}(rdf:langString)
dbpprop:voy{Literal}(rdf:langString),dbpprop:voy{Literal}(rdf:langString)
dbpprop:width{Literal}(http://dbpedia.org/datatype/perCent),dbpprop:width{Literal}(http://dbpedia.org/datatype/perCent)
dbpprop:wikt{Literal}(rdf:langString),dbpprop:wikt{Literal}(rdf:langString)
dbpprop:years{Literal}[0](xsd:gMonthDay),dbpprop:years{Literal}[0](xsd:gMonthDay)
dbpprop:years{Literal}[1](xsd:gMonthDay),dbpprop:years{Literal}[1](xsd:gMonthDay)
dcterms:description{Literal}@en,dcterms:description{Literal}@en
dcterms:subject{URIRef}[0],dcterms:subject{URIRef}[0]
dcterms:subject{URIRef}[1],dcterms:subject{URIRef}[1]
dcterms:subject{URIRef}[2],dcterms:subject{URIRef}[2]
dcterms:subject{URIRef}[3],dcterms:subject{URIRef}[3]
dcterms:subject{URIRef}[4],dcterms:subject{URIRef}[4]
dcterms:subject{URIRef}[5],dcterms:subject{URIRef}[5]
dcterms:subject{URIRef}[6],dcterms:subject{URIRef}[6]
dcterms:subject{URIRef}[7],dcterms:subject{URIRef}[7]
dcterms:subject{URIRef}[8],dcterms:subject{URIRef}[8]
dcterms:subject{URIRef}[9],dcterms:subject{URIRef}[9]
dcterms:subject{URIRef}[10],dcterms:subject{URIRef}[10]
dcterms:subject{URIRef}[11],dcterms:subject{URIRef}[11]
dcterms:subject{URIRef}[12],dcterms:subject{URIRef}[12]
dcterms:subject{URIRef}[13],dcterms:subject{URIRef}[13]
dcterms:subject{URIRef}[14],dcterms:subject{URIRef}[14]
dcterms:subject{URIRef}[15],dcterms:subject{URIRef}[15]
dcterms:subject{URIRef}[16],dcterms:subject{URIRef}[16]
dcterms:subject{URIRef}[17],dcterms:subject{URIRef}[17]
dcterms:subject{URIRef}[18],dcterms:subject{URIRef}[18]
dcterms:subject{URIRef}[19],dcterms:subject{URIRef}[19]
dcterms:subject{URIRef}[20],dcterms:subject{URIRef}[20]
dcterms:subject{URIRef}[21],dcterms:subject{URIRef}[21]
dcterms:subject{URIRef}[22],dcterms:subject{URIRef}[22]
ns7:hypernym{URIRef},ns7:hypernym{URIRef}
ns9:hasRank{BNode},ns9:hasRank{BNode}
rdf:type{URIRef}[0],rdf:type{URIRef}[0]
rdf:type{URIRef}[1],rdf:type{URIRef}[1]
rdf:type{URIRef}[2],rdf:type{URIRef}[2]
rdf:type{URIRef}[3],rdf:type{URIRef}[3]
rdf:type{URIRef}[4],rdf:type{URIRef}[4]
rdf:type{URIRef}[5],rdf:type{URIRef}[5]
rdf:type{URIRef}[6],rdf:type{URIRef}[6]
rdf:type{URIRef}[7],rdf:type{URIRef}[7]
rdf:type{URIRef}[8],rdf:type{URIRef}[8]
rdf:type{URIRef}[9],rdf:type{URIRef}[9]
rdf:type{URIRef}[10],rdf:type{URIRef}[10]
rdf:type{URIRef}[11],rdf:type{URIRef}[11]
rdf:type{URIRef}[12],rdf:type{URIRef}[12]
rdf:type{URIRef}[13],rdf:type{URIRef}[13]
rdf:type{URIRef}[14],rdf:type{URIRef}[14]
rdf:type{URIRef}[15],rdf:type{URIRef}[15]
rdf:type{URIRef}[16],rdf:type{URIRef}[16]
rdf:type{URIRef}[17],rdf:type{URIRef}[17]
rdf:type{URIRef}[18],rdf:type{URIRef}[18]
rdf:type{URIRef}[19],rdf:type{URIRef}[19]
rdf:type{URIRef}[20],rdf:type{URIRef}[20]
rdf:type{URIRef}[21],rdf:type{URIRef}[21]
rdf:type{URIRef}[22],rdf:type{URIRef}[22]
rdf:type{URIRef}[23],rdf:type{URIRef}[23]
rdf:type{URIRef}[24],rdf:type{URIRef}[24]
rdf:type{URIRef}[25],rdf:type{URIRef}[25]
rdf:type{URIRef}[26],rdf:type{URIRef}[26]
rdf:type{URIRef}[27],rdf:type{URIRef}[27]
rdf:type{URIRef}[28],rdf:type{URIRef}[28]
rdf:type{URIRef}[29],rdf:type{URIRef}[29]
rdf:type{URIRef}[30],rdf:type{URIRef}[30]
rdf:type{URIRef}[31],rdf:type{URIRef}[31]
rdf:type{URIRef}[32],rdf:type{URIRef}[32]
rdf:type{URIRef}[33],rdf:type{URIRef}[33]
rdf:type{URIRef}[34],rdf:type{URIRef}[34]
rdf:type{URIRef}[35],rdf:type{URIRef}[35]
rdf:type{URIRef}[36],rdf:type{URIRef}[36]
rdf:type{URIRef}[37],rdf:type{URIRef}[37]
rdf:type{URIRef}[38],rdf:type{URIRef}[38]
rdf:type{URIRef}[39],rdf:type{URIRef}[39]
rdf:type{URIRef}[40],rdf:type{URIRef}[40]
rdf:type{URIRef}[41],rdf:type{URIRef}[41]
rdf:type{URIRef}[42],rdf:type{URIRef}[42]
rdf:type{URIRef}[43],rdf:type{URIRef}[43]
rdf:type{URIRef}[44],rdf:type{URIRef}[44]
rdf:type{URIRef}[45],rdf:type{URIRef}[45]
rdf:type{URIRef}[46],rdf:type{URIRef}[46]
rdf:type{URIRef}[47],rdf:type{URIRef}[47]
rdf:type{URIRef}[48],rdf:type{URIRef}[48]
rdf:type{URIRef}[49],rdf:type{URIRef}[49]
rdf:type{URIRef}[50],rdf:type{URIRef}[50]
rdf:type{URIRef}[51],rdf:type{URIRef}[51]
rdf:type{URIRef}[52],rdf:type{URIRef}[52]
rdf:type{URIRef}[53],rdf:type{URIRef}[53]
rdf:type{URIRef}[54],rdf:type{URIRef}[54]
rdf:type{URIRef}[55],rdf:type{URIRef}[55]
rdf:type{URIRef}[56],rdf:type{URIRef}[56]
rdf:type{URIRef}[57],rdf:type{URIRef}[57]
rdf:type{URIRef}[58],rdf:type{URIRef}[58]
rdf:type{URIRef}[59],rdf:type{URIRef}[59]
rdf:type{URIRef}[60],rdf:type{URIRef}[60]
rdf:type{URIRef}[61],rdf:type{URIRef}[61]
rdf:type{URIRef}[62],rdf:type{URIRef}[62]
rdf:type{URIRef}[63],rdf:type{URIRef}[63]
rdf:type{URIRef}[64],rdf:type{URIRef}[64]
rdf:type{URIRef}[65],rdf:type{URIRef}[65]
rdf:type{URIRef}[66],rdf:type{URIRef}[66]
rdf:type{URIRef}[67],rdf:type{URIRef}[67]
rdf:type{URIRef}[68],rdf:type{URIRef}[68]
rdf:type{URIRef}[69],rdf:type{URIRef}[69]
rdf:type{URIRef}[70],rdf:type{URIRef}[70]
rdf:type{URIRef}[71],rdf:type{URIRef}[71]
rdf:type{URIRef}[72],rdf:type{URIRef}[72]
rdf:type{URIRef}[73],rdf:type{URIRef}[73]
rdf:type{URIRef}[74],rdf:type{URIRef}[74]
rdf:type{URIRef}[75],rdf:type{URIRef}[75]
rdf:type{URIRef}[76],rdf:type{URIRef}[76]
rdf:type{URIRef}[77],rdf:type{URIRef}[77]
rdf:type{URIRef}[78],rdf:type{URIRef}[78]
rdf:type{URIRef}[79],rdf:type{URIRef}[79]
rdf:type{URIRef}[80],rdf:type{URIRef}[80]
rdf:type{URIRef}[81],rdf:type{URIRef}[81]
rdf:type{URIRef}[82],rdf:type{URIRef}[82]
rdf:type{URIRef}[83],rdf:type{URIRef}[83]
rdf:type{URIRef}[84],rdf:type{URIRef}[84]
rdf:type{URIRef}[85],rdf:type{URIRef}[85]
rdf:type{URIRef}[86],rdf:type{URIRef}[86]
rdf:type{URIRef}[87],rdf:type{URIRef}[87]
rdf:type{URIRef}[88],rdf:type{URIRef}[88]
rdf:type{URIRef}[89],rdf:type{URIRef}[89]
rdf:type{URIRef}[90],rdf:type{URIRef}[90]
rdf:type{URIRef}[91],rdf:type{URIRef}[91]
rdf:type{URIRef}[92],rdf:type{URIRef}[92]
rdf:type{URIRef}[93],rdf:type{URIRef}[93]
rdf:type{URIRef}[94],rdf:type{URIRef}[94]
rdf:type{URIRef}[95],rdf:type{URIRef}[95]
rdf:type{URIRef}[96],rdf:type{URIRef}[96]
rdf:type{URIRef}[97],rdf:type{URIRef}[97]
rdf:type{URIRef}[98],rdf:type{URIRef}[98]
rdf:type{URIRef}[99],rdf:type{URIRef}[99]
rdf:type{URIRef}[100],rdf:type{URIRef}[100]
rdf:type{URIRef}[101],rdf:type{URIRef}[101]
rdf:type{URIRef}[102],rdf:type{URIRef}[102]
rdf:type{URIRef}[103],rdf:type{URIRef}[103]
rdfs:comment{Literal}@ar,rdfs:comment{Literal}@ar
rdfs:comment{Literal}@de,rdfs:comment{Literal}@de
rdfs:comment{Literal}@en,rdfs:comment{Literal}@en
rdfs:comment{Literal}@es,rdfs:comment{Literal}@es
rdfs:comment{Literal}@fr,rdfs:comment{Literal}@fr
rdfs:comment{Literal}@it,rdfs:comment{Literal}@it
rdfs:comment{Literal}@ja,rdfs:comment{Literal}@ja
rdfs:comment{Literal}@nl,rdfs:comment{Literal}@nl
rdfs:comment{Literal}@pl,rdfs:comment{Literal}@pl
rdfs:comment{Literal}@pt,rdfs:comment{Literal}@pt
rdfs:comment{Literal}@ru,rdfs:comment{Literal}@ru
rdfs:comment{Literal}@zh,rdfs:comment{Literal}@zh
rdfs:label{Literal}@ar,rdfs:label{Literal}@ar
rdfs:label{Literal}@de,rdfs:label{Literal}@de
rdfs:label{Literal}@en,rdfs:label{Literal}@en
rdfs:label{Literal}@es,rdfs:label{Literal}@es
rdfs:label{Literal}@fr,rdfs:label{Literal}@fr
rdfs:label{Literal}@it,rdfs:label{Literal}@it
rdfs:label{Literal}@ja,rdfs:label{Literal}@ja
rdfs:label{Literal}@nl,rdfs:label{Literal}@nl
rdfs:label{Literal}@pl,rdfs:label{Literal}@pl
rdfs:label{Literal}@pt,rdfs:label{Literal}@pt
rdfs:label{Literal}@ru,rdfs:label{Literal}@ru
rdfs:label{Literal}@zh,rdfs:label{Literal}@zh
rdfs:seeAlso{URIRef}[0],rdfs:seeAlso{URIRef}[0]
rdfs:seeAlso{URIRef}[1],rdfs:seeAlso{URIRef}[1]
rdfs:seeAlso{URIRef}[2],rdfs:seeAlso{URIRef}[2]
rdfs:seeAlso{URIRef}[3],rdfs:seeAlso{URIRef}[3]
rdfs:seeAlso{URIRef}[4],rdfs:seeAlso{URIRef}[4]
owl:sameAs{URIRef}[0],owl:sameAs{URIRef}[0]
owl:sameAs{URIRef}[1],owl:sameAs{URIRef}[1]
owl:sameAs{URIRef}[2],owl:sameAs{URIRef}[2]
owl:sameAs{URIRef}[3],owl:sameAs{URIRef}[3]
owl:sameAs{URIRef}[4],owl:sameAs{URIRef}[4]
owl:sameAs{URIRef}[5],owl:sameAs{URIRef}[5]
owl:sameAs{URIRef}[6],owl:sameAs{URIRef}[6]
owl:sameAs{URIRef}[7],owl:sameAs{URIRef}[7]
owl:sameAs{URIRef}[8],owl:sameAs{URIRef}[8]
owl:sameAs{URIRef}[9],owl:sameAs{URIRef}[9]
owl:sameAs{URIRef}[10],owl:sameAs{URIRef}[10]
owl:sameAs{URIRef}[11],owl:sameAs{URIRef}[11]
owl:sameAs{URIRef}[12],owl:sameAs{URIRef}[12]
owl:sameAs{URIRef}[13],owl:sameAs{URIRef}[13]
owl:sameAs{URIRef}[14],owl:sameAs{URIRef}[14]
owl:sameAs{URIRef}[15],owl:sameAs{URIRef}[15]
owl:sameAs{URIRef}[16],owl:sameAs{URIRef}[16]
owl:sameAs{URIRef}[17],owl:sameAs{URIRef}[17]
owl:sameAs{URIRef}[18],owl:sameAs{URIRef}[18]
owl:sameAs{URIRef}[19],owl:sameAs{URIRef}[19]
owl:sameAs{Literal},owl:sameAs{Literal}
prov:wasDerivedFrom{Literal},prov:wasDerivedFrom{Literal}
foaf:depiction{URIRef},foaf:depiction{URIRef}
foaf:gender{Literal}@en,foaf:gender{Literal}@en
foaf:givenName{Literal}@en,foaf:givenName{Literal}@en
foaf:isPrimaryTopicOf{URIRef},foaf:isPrimaryTopicOf{URIRef}
foaf:name{Literal}[0]@en,foaf:name{Literal}[0]@en
foaf:name{Literal}[1]@en,foaf:name{Literal}[1]@en
foaf:name{Literal}[2]@en,foaf:name{Literal}[2]@en
ns9:rankValue{Literal}(xsd:float),ns9:rankValue{Literal}(xsd:float)
entity,entity
