@id,wd:Q9439,full_coverage
schema1:description{Literal}@en,British monarch who reigned 1837-1901,schema1:description{Literal}@en
schema1:description{Literal}@ar,ملكة المملكة المتحدة لبريطانيا العظمى وايرلندا,schema1:description{Literal}@ar
schema1:description{Literal}@ary,لملكة ديال بريطانيا,schema1:description{Literal}@ary
schema1:description{Literal}@be-tarask,каралева Брытаніі (1837—1901),schema1:description{Literal}@be-tarask
schema1:description{Literal}@bg,британска кралица,schema1:description{Literal}@bg
schema1:description{Literal}@bn,"ব্রিটিশ সাম্রাজ্যের ২০জনু ১৮৩৭ সাল থেকে ২২শে জানুয়ারি, ১৯০১ সাল পর্যন্ত রানি",schema1:description{Literal}@bn
schema1:description{Literal}@ca,reina del Regne Unit de la Gran Bretanya i d'Irlanda (1837-1901) i emperadriu de l'Índia (1876-1901),schema1:description{Literal}@ca
schema1:description{Literal}@cs,britská královna (1837–1901),schema1:description{Literal}@cs
schema1:description{Literal}@da,britisk og indisk statsoverhoved (1819-1901),schema1:description{Literal}@da
schema1:description{Literal}@de,"Königin von Großbritannien und Irland (1837–1901), Kaiserin von Indien (1876–1901)",schema1:description{Literal}@de
schema1:description{Literal}@el,βασίλισσα του Ηνωμένου Βασιλείου Μεγάλης Βρετανίας και Ιρλανδίας,schema1:description{Literal}@el
schema1:description{Literal}@eo,"reĝo de Britio, kiu reĝis de 1837 ĝis 1910",schema1:description{Literal}@eo
schema1:description{Literal}@es,reina del Reino Unido (1837-1901),schema1:description{Literal}@es
schema1:description{Literal}@et,Suurbritannia ja Iirimaa Ühendkuningriigi kuninganna,schema1:description{Literal}@et
schema1:description{Literal}@fa,ملکهٔ پادشاهی متحدهٔ بریتانیای کبیر و ایرلند (۱۹۰۱_۱۸۳۷) و ملکه هند (۱۹۰۱_۱۸۷۶),schema1:description{Literal}@fa
schema1:description{Literal}@fi,Ison-Britannian ja Irlannin yhdistyneen kuningaskunnan kuningatar 1837–1901,schema1:description{Literal}@fi
schema1:description{Literal}@fr,reine du Royaume-Uni entre 1837 et 1901,schema1:description{Literal}@fr
schema1:description{Literal}@gl,raíña do Reino Unido entre 1837 e 1901,schema1:description{Literal}@gl
schema1:description{Literal}@he,מלכת הממלכה המאוחדת,schema1:description{Literal}@he
schema1:description{Literal}@hi,यूनाइटेड किंगडम की महारानी और भारत की साम्राज्ञी,schema1:description{Literal}@hi
schema1:description{Literal}@hy,Մեծ Բրիտանիայի թագուհի (1821-1901),schema1:description{Literal}@hy
schema1:description{Literal}@ia,regina del Regno Unite,schema1:description{Literal}@ia
schema1:description{Literal}@id,Penguasa monarki Britania Raya,schema1:description{Literal}@id
schema1:description{Literal}@it,regina del Regno Unito,schema1:description{Literal}@it
schema1:description{Literal}@ja,ハノーヴァー朝イギリス第6代女王、初代インド皇帝,schema1:description{Literal}@ja
schema1:description{Literal}@ko,영국의 군주,schema1:description{Literal}@ko
schema1:description{Literal}@lv,Apvienotās Karalistes karaliene no 1837. līdz 1901. gadam,schema1:description{Literal}@lv
schema1:description{Literal}@nb,tidligere britisk dronning,schema1:description{Literal}@nb
schema1:description{Literal}@nl,"koningin van het Verenigd Koninkrijk (1837-1901), keizerin van India (1877-1901)",schema1:description{Literal}@nl
schema1:description{Literal}@nn,tidlegare britisk dronning,schema1:description{Literal}@nn
schema1:description{Literal}@pl,królowa Wielkiej Brytanii,schema1:description{Literal}@pl
schema1:description{Literal}@pt,Rainha do Reino Unido (1837–1901) e Imperatriz da Índia (1876–1901),schema1:description{Literal}@pt
schema1:description{Literal}@ro,regină a Regatului Unit și împărăteasă a Indiei,schema1:description{Literal}@ro
schema1:description{Literal}@ru,королева Великобритании (1837–1901),schema1:description{Literal}@ru
schema1:description{Literal}@sd,گڏيل بادشاھت جي راڻي,schema1:description{Literal}@sd
schema1:description{Literal}@sk,kráľovná Spojeného kráľovstva,schema1:description{Literal}@sk
schema1:description{Literal}@sr,краљица Уједињеног Краљевства (1837—1901),schema1:description{Literal}@sr
schema1:description{Literal}@sv,regerande drottning av Storbritannien 1837–1901,schema1:description{Literal}@sv
schema1:description{Literal}@tr,Büyük Britanya ve İrlanda Birleşik Krallığı Kraliçesi,schema1:description{Literal}@tr
schema1:description{Literal}@uk,королева Великої Британії,schema1:description{Literal}@uk
schema1:description{Literal}@ur,ملکہ مملکت متحدہ، قیصر ہند(1837–1901),schema1:description{Literal}@ur
schema1:description{Literal}@vi,Nữ hoàng Liên hiệp Anh và Bắc Ireland từ 1837-1901,schema1:description{Literal}@vi
schema1:description{Literal}@zh,英國女王和印度女皇,schema1:description{Literal}@zh
schema1:description{Literal}@zh-cn,英国君主,schema1:description{Literal}@zh-cn
schema1:description{Literal}@zh-hans,英国女王和印度女皇,schema1:description{Literal}@zh-hans
schema1:description{Literal}@zh-hant,英國女王和印度女皇,schema1:description{Literal}@zh-hant
schema1:description{Literal}@zh-hk,英國君主,schema1:description{Literal}@zh-hk
schema1:description{Literal}@zh-mo,英國君主,schema1:description{Literal}@zh-mo
schema1:description{Literal}@zh-my,英国君主,schema1:description{Literal}@zh-my
schema1:description{Literal}@zh-sg,英国君主,schema1:description{Literal}@zh-sg
schema1:description{Literal}@zh-tw,英國君主,schema1:description{Literal}@zh-tw
schema1:name{Literal}@en,Queen Victoria,schema1:name{Literal}@en
schema1:name{Literal}@ps,ملکه وېکټوريا,schema1:name{Literal}@ps
schema1:name{Literal}@af,Victoria van die Verenigde Koninkryk,schema1:name{Literal}@af
schema1:name{Literal}@am,ንግሥት ቪክቶሪያ,schema1:name{Literal}@am
schema1:name{Literal}@an,Vitoria d'o Reino Unito,schema1:name{Literal}@an
schema1:name{Literal}@ar,فيكتوريا ملكة المملكة المتحدة,schema1:name{Literal}@ar
schema1:name{Literal}@ary,لملكة ڤيكطوريا,schema1:name{Literal}@ary
schema1:name{Literal}@arz,فيكتوريا ملكة المملكه المتحده,schema1:name{Literal}@arz
schema1:name{Literal}@ast,Victoria del Reinu Xuníu,schema1:name{Literal}@ast
schema1:name{Literal}@az,I Viktoriya,schema1:name{Literal}@az
schema1:name{Literal}@azb,ویکتوریا خاتون,schema1:name{Literal}@azb
schema1:name{Literal}@ba,Виктория,schema1:name{Literal}@ba
schema1:name{Literal}@bcl,Queen Victoria,schema1:name{Literal}@bcl
schema1:name{Literal}@be,"Вікторыя, каралева брытанская",schema1:name{Literal}@be
schema1:name{Literal}@be-tarask,Вікторыя,schema1:name{Literal}@be-tarask
schema1:name{Literal}@bg,Виктория,schema1:name{Literal}@bg
schema1:name{Literal}@bho,रानी विक्टोरिया,schema1:name{Literal}@bho
schema1:name{Literal}@bn,রানি ভিক্টোরিয়া,schema1:name{Literal}@bn
schema1:name{Literal}@br,Victoria,schema1:name{Literal}@br
schema1:name{Literal}@bs,"Viktorija, kraljica Ujedinjenog Kraljevstva",schema1:name{Literal}@bs
schema1:name{Literal}@ca,Reina Victòria del Regne Unit,schema1:name{Literal}@ca
schema1:name{Literal}@cdo,Victoria Nṳ̄-uòng,schema1:name{Literal}@cdo
schema1:name{Literal}@ckb,ڤیکتۆریا,schema1:name{Literal}@ckb
schema1:name{Literal}@cs,Viktorie Britská,schema1:name{Literal}@cs
schema1:name{Literal}@cv,Виктория,schema1:name{Literal}@cv
schema1:name{Literal}@cy,"Victoria, brenhines y Deyrnas Unedig",schema1:name{Literal}@cy
schema1:name{Literal}@da,Victoria af Storbritannien,schema1:name{Literal}@da
schema1:name{Literal}@de,Victoria,schema1:name{Literal}@de
schema1:name{Literal}@de-ch,Victoria,schema1:name{Literal}@de-ch
schema1:name{Literal}@dty,महारानी भिक्टोरिया,schema1:name{Literal}@dty
schema1:name{Literal}@el,Βασίλισσα Βικτωρία,schema1:name{Literal}@el
schema1:name{Literal}@en-ca,Queen Victoria,schema1:name{Literal}@en-ca
schema1:name{Literal}@en-gb,Queen Victoria,schema1:name{Literal}@en-gb
schema1:name{Literal}@eo,Viktoria de Britio,schema1:name{Literal}@eo
schema1:name{Literal}@es,Victoria del Reino Unido,schema1:name{Literal}@es
schema1:name{Literal}@et,Victoria,schema1:name{Literal}@et
schema1:name{Literal}@eu,Viktoria Erresuma Batukoa,schema1:name{Literal}@eu
schema1:name{Literal}@fa,ویکتوریای پادشاهی متحده,schema1:name{Literal}@fa
schema1:name{Literal}@fi,Viktoria,schema1:name{Literal}@fi
schema1:name{Literal}@fo,Victoria drotning,schema1:name{Literal}@fo
schema1:name{Literal}@fr,Victoria,schema1:name{Literal}@fr
schema1:name{Literal}@frr,Victoria (Ferianigt Köningrik),schema1:name{Literal}@frr
schema1:name{Literal}@fy,Victoria fan it Feriene Keninkryk,schema1:name{Literal}@fy
schema1:name{Literal}@ga,Victoria na Ríochta Aontaithe,schema1:name{Literal}@ga
schema1:name{Literal}@gd,Ban-rìgh Bhictoria,schema1:name{Literal}@gd
schema1:name{Literal}@gl,Vitoria do Reino Unido,schema1:name{Literal}@gl
schema1:name{Literal}@gsw,"Victoria, Chenigi vu Großbritannien un Irland",schema1:name{Literal}@gsw
schema1:name{Literal}@hak,Vì-tô-li-â Ńg-vòng,schema1:name{Literal}@hak
schema1:name{Literal}@he,ויקטוריה,schema1:name{Literal}@he
schema1:name{Literal}@hi,विक्टोरिया,schema1:name{Literal}@hi
schema1:name{Literal}@hr,"Viktorija, kraljica Ujedinjenog Kraljevstva",schema1:name{Literal}@hr
schema1:name{Literal}@hu,Viktória brit királynő,schema1:name{Literal}@hu
schema1:name{Literal}@hy,Վիկտորյա թագուհի,schema1:name{Literal}@hy
schema1:name{Literal}@ia,Victoria del Regno Unite,schema1:name{Literal}@ia
schema1:name{Literal}@id,Victoria dari Britania Raya,schema1:name{Literal}@id
schema1:name{Literal}@io,Victoria,schema1:name{Literal}@io
schema1:name{Literal}@is,Viktoría Bretadrottning,schema1:name{Literal}@is
schema1:name{Literal}@it,Vittoria del Regno Unito,schema1:name{Literal}@it
schema1:name{Literal}@ja,ヴィクトリア (イギリス女王),schema1:name{Literal}@ja
schema1:name{Literal}@jv,Victoria saking Britania Raya,schema1:name{Literal}@jv
schema1:name{Literal}@ka,ვიქტორია,schema1:name{Literal}@ka
schema1:name{Literal}@kab,Tagellit Victoria,schema1:name{Literal}@kab
schema1:name{Literal}@kbp,Reine Victoria,schema1:name{Literal}@kbp
schema1:name{Literal}@kk,Виктория,schema1:name{Literal}@kk
schema1:name{Literal}@kn,ಯುನೈಟೆಡ್ ಕಿಂಗ್ಡಂನ ವಿಕ್ಟೋರಿಯಾ,schema1:name{Literal}@kn
schema1:name{Literal}@ko,빅토리아,schema1:name{Literal}@ko
schema1:name{Literal}@ku,Keybanû Victoria,schema1:name{Literal}@ku
schema1:name{Literal}@kw,Viktorya,schema1:name{Literal}@kw
schema1:name{Literal}@ky,Виктория,schema1:name{Literal}@ky
schema1:name{Literal}@la,Victoria,schema1:name{Literal}@la
schema1:name{Literal}@lb,Victoria vum Vereengte Kinnekräich,schema1:name{Literal}@lb
schema1:name{Literal}@lfn,Rea Victoria,schema1:name{Literal}@lfn
schema1:name{Literal}@lij,Vitöia d'Inghiltæra,schema1:name{Literal}@lij
schema1:name{Literal}@lmo,Vitoria del Regn Unii,schema1:name{Literal}@lmo
schema1:name{Literal}@lt,Viktorija,schema1:name{Literal}@lt
schema1:name{Literal}@lv,Viktorija,schema1:name{Literal}@lv
schema1:name{Literal}@lzh,英王維多利亞,schema1:name{Literal}@lzh
schema1:name{Literal}@mai,महारानी भिक्टोरिया,schema1:name{Literal}@mai
schema1:name{Literal}@mg,Victoria du Royaume-Uni,schema1:name{Literal}@mg
schema1:name{Literal}@mi,Wikitōria,schema1:name{Literal}@mi
schema1:name{Literal}@mk,Кралица Викторија,schema1:name{Literal}@mk
schema1:name{Literal}@ml,വിക്ടോറിയ രാജ്ഞി,schema1:name{Literal}@ml
schema1:name{Literal}@mn,Викториа,schema1:name{Literal}@mn
schema1:name{Literal}@mr,व्हिक्टोरिया राणी,schema1:name{Literal}@mr
schema1:name{Literal}@ms,Victoria dari United Kingdom,schema1:name{Literal}@ms
schema1:name{Literal}@my,ဝိတိုရိယ ဘုရင်မ,schema1:name{Literal}@my
schema1:name{Literal}@mzn,ملکه ویکتوریا,schema1:name{Literal}@mzn
schema1:name{Literal}@nan,Victoria (Liân-ha̍p Ông-kok),schema1:name{Literal}@nan
schema1:name{Literal}@nb,Victoria av Storbritannia,schema1:name{Literal}@nb
schema1:name{Literal}@nds,Victoria vun Grootbritannien,schema1:name{Literal}@nds
schema1:name{Literal}@ne,रानी भिक्टोरिया,schema1:name{Literal}@ne
schema1:name{Literal}@nl,Victoria van het Verenigd Koninkrijk,schema1:name{Literal}@nl
schema1:name{Literal}@nn,Victoria av Storbritannia,schema1:name{Literal}@nn
schema1:name{Literal}@nrm,Victoria du Rouoyaume Unni,schema1:name{Literal}@nrm
schema1:name{Literal}@oc,Victòria I dau Reiaume Unit,schema1:name{Literal}@oc
schema1:name{Literal}@pa,﻿ਮਲਿਕਾ ਵਿਕਟੋਰੀਆ,schema1:name{Literal}@pa
schema1:name{Literal}@pl,Wiktoria,schema1:name{Literal}@pl
schema1:name{Literal}@pms,Vitòria,schema1:name{Literal}@pms
schema1:name{Literal}@pnb,ملکہ وکٹوریہ,schema1:name{Literal}@pnb
schema1:name{Literal}@pt,Vitória do Reino Unido,schema1:name{Literal}@pt
schema1:name{Literal}@pt-br,Vitória do Reino Unido,schema1:name{Literal}@pt-br
schema1:name{Literal}@qu,Victoria,schema1:name{Literal}@qu
schema1:name{Literal}@ro,Victoria a Regatului Unit,schema1:name{Literal}@ro
schema1:name{Literal}@ru,Виктория,schema1:name{Literal}@ru
schema1:name{Literal}@rue,Виктория (Споене кральовство),schema1:name{Literal}@rue
schema1:name{Literal}@sa,विक्टोरिया,schema1:name{Literal}@sa
schema1:name{Literal}@scn,Vittoria dû Regnu Unitu,schema1:name{Literal}@scn
schema1:name{Literal}@sco,Queen Victoria,schema1:name{Literal}@sco
schema1:name{Literal}@sd,راڻي وڪٽوريا (برطانيا),schema1:name{Literal}@sd
schema1:name{Literal}@sgs,Vėktuorėjė (karalienė),schema1:name{Literal}@sgs
schema1:name{Literal}@sh,Viktorija,schema1:name{Literal}@sh
schema1:name{Literal}@si,වික්ටෝරියා රැජින - එක්සත් රාජධානිය,schema1:name{Literal}@si
schema1:name{Literal}@sk,Viktória,schema1:name{Literal}@sk
schema1:name{Literal}@sl,Viktorija Britanska,schema1:name{Literal}@sl
schema1:name{Literal}@sm,Masiofo Vitoria,schema1:name{Literal}@sm
schema1:name{Literal}@sq,Mbretëresha Victoria,schema1:name{Literal}@sq
schema1:name{Literal}@sr,Викторија Хановерска,schema1:name{Literal}@sr
schema1:name{Literal}@sv,Viktoria av Storbritannien,schema1:name{Literal}@sv
schema1:name{Literal}@sw,Viktoria wa Uingereza,schema1:name{Literal}@sw
schema1:name{Literal}@ta,ஐக்கிய இராச்சியத்தின் விக்டோரியா,schema1:name{Literal}@ta
schema1:name{Literal}@te,బ్రిటన్‌ రాణి విక్టోరియా,schema1:name{Literal}@te
schema1:name{Literal}@th,สมเด็จพระราชินีนาถวิกตอเรียแห่งสหราชอาณาจักร,schema1:name{Literal}@th
schema1:name{Literal}@tl,Victoria ng Nagkakaisang Kaharian,schema1:name{Literal}@tl
schema1:name{Literal}@tr,Victoria,schema1:name{Literal}@tr
schema1:name{Literal}@tt,Виктория,schema1:name{Literal}@tt
schema1:name{Literal}@tw,Queen Victoria,schema1:name{Literal}@tw
schema1:name{Literal}@uk,Вікторія,schema1:name{Literal}@uk
schema1:name{Literal}@ur,ملکہ وکٹوریہ,schema1:name{Literal}@ur
schema1:name{Literal}@uz,Viktoriya,schema1:name{Literal}@uz
schema1:name{Literal}@vi,Victoria của Anh,schema1:name{Literal}@vi
schema1:name{Literal}@vro,Kuninganna Victoria,schema1:name{Literal}@vro
schema1:name{Literal}@war,Victoria han Reino Unido,schema1:name{Literal}@war
schema1:name{Literal}@wuu,维多利亚女王,schema1:name{Literal}@wuu
schema1:name{Literal}@xmf,ვიქტორია,schema1:name{Literal}@xmf
schema1:name{Literal}@yi,קעניגין וויקטאריע,schema1:name{Literal}@yi
schema1:name{Literal}@yue,維多利亞女皇,schema1:name{Literal}@yue
schema1:name{Literal}@zea,Koningin Victoria,schema1:name{Literal}@zea
schema1:name{Literal}@zh,維多利亞女王,schema1:name{Literal}@zh
schema1:name{Literal}@zh-cn,维多利亚女王,schema1:name{Literal}@zh-cn
schema1:name{Literal}@zh-hans,维多利亚女王,schema1:name{Literal}@zh-hans
schema1:name{Literal}@zh-hant,維多利亞女王,schema1:name{Literal}@zh-hant
schema1:name{Literal}@zh-hk,維多利亞女皇,schema1:name{Literal}@zh-hk
schema1:name{Literal}@zh-mo,維多利亞女皇,schema1:name{Literal}@zh-mo
schema1:name{Literal}@zh-my,维多利亚女王,schema1:name{Literal}@zh-my
schema1:name{Literal}@zh-sg,维多利亚女王,schema1:name{Literal}@zh-sg
schema1:name{Literal}@zh-tw,維多利亞女王,schema1:name{Literal}@zh-tw
rdf:type{URIRef}[0],wikibase:Item,rdf:type{URIRef}[0]
rdfs:label{Literal}@en,Queen Victoria,rdfs:label{Literal}@en
rdfs:label{Literal}@af,Victoria van die Verenigde Koninkryk,rdfs:label{Literal}@af
rdfs:label{Literal}@am,ንግሥት ቪክቶሪያ,rdfs:label{Literal}@am
rdfs:label{Literal}@an,Vitoria d'o Reino Unito,rdfs:label{Literal}@an
rdfs:label{Literal}@ar,فيكتوريا ملكة المملكة المتحدة,rdfs:label{Literal}@ar
rdfs:label{Literal}@ary,لملكة ڤيكطوريا,rdfs:label{Literal}@ary
rdfs:label{Literal}@arz,فيكتوريا ملكة المملكه المتحده,rdfs:label{Literal}@arz
rdfs:label{Literal}@ast,Victoria del Reinu Xuníu,rdfs:label{Literal}@ast
rdfs:label{Literal}@az,I Viktoriya,rdfs:label{Literal}@az
rdfs:label{Literal}@azb,ویکتوریا خاتون,rdfs:label{Literal}@azb
rdfs:label{Literal}@ba,Виктория,rdfs:label{Literal}@ba
rdfs:label{Literal}@bcl,Queen Victoria,rdfs:label{Literal}@bcl
rdfs:label{Literal}@be,"Вікторыя, каралева брытанская",rdfs:label{Literal}@be
rdfs:label{Literal}@be-tarask,Вікторыя,rdfs:label{Literal}@be-tarask
rdfs:label{Literal}@bg,Виктория,rdfs:label{Literal}@bg
rdfs:label{Literal}@bho,रानी विक्टोरिया,rdfs:label{Literal}@bho
rdfs:label{Literal}@bn,রানি ভিক্টোরিয়া,rdfs:label{Literal}@bn
rdfs:label{Literal}@br,Victoria,rdfs:label{Literal}@br
rdfs:label{Literal}@bs,"Viktorija, kraljica Ujedinjenog Kraljevstva",rdfs:label{Literal}@bs
rdfs:label{Literal}@ca,Reina Victòria del Regne Unit,rdfs:label{Literal}@ca
rdfs:label{Literal}@cdo,Victoria Nṳ̄-uòng,rdfs:label{Literal}@cdo
rdfs:label{Literal}@ckb,ڤیکتۆریا,rdfs:label{Literal}@ckb
rdfs:label{Literal}@cs,Viktorie Britská,rdfs:label{Literal}@cs
rdfs:label{Literal}@cv,Виктория,rdfs:label{Literal}@cv
rdfs:label{Literal}@cy,"Victoria, brenhines y Deyrnas Unedig",rdfs:label{Literal}@cy
rdfs:label{Literal}@da,Victoria af Storbritannien,rdfs:label{Literal}@da
rdfs:label{Literal}@de,Victoria,rdfs:label{Literal}@de
rdfs:label{Literal}@de-ch,Victoria,rdfs:label{Literal}@de-ch
rdfs:label{Literal}@dty,महारानी भिक्टोरिया,rdfs:label{Literal}@dty
rdfs:label{Literal}@el,Βασίλισσα Βικτωρία,rdfs:label{Literal}@el
rdfs:label{Literal}@en-ca,Queen Victoria,rdfs:label{Literal}@en-ca
rdfs:label{Literal}@en-gb,Queen Victoria,rdfs:label{Literal}@en-gb
rdfs:label{Literal}@eo,Viktoria de Britio,rdfs:label{Literal}@eo
rdfs:label{Literal}@es,Victoria del Reino Unido,rdfs:label{Literal}@es
rdfs:label{Literal}@et,Victoria,rdfs:label{Literal}@et
rdfs:label{Literal}@eu,Viktoria Erresuma Batukoa,rdfs:label{Literal}@eu
rdfs:label{Literal}@fa,ویکتوریای پادشاهی متحده,rdfs:label{Literal}@fa
rdfs:label{Literal}@fi,Viktoria,rdfs:label{Literal}@fi
rdfs:label{Literal}@fo,Victoria drotning,rdfs:label{Literal}@fo
rdfs:label{Literal}@fr,Victoria,rdfs:label{Literal}@fr
rdfs:label{Literal}@frr,Victoria (Ferianigt Köningrik),rdfs:label{Literal}@frr
rdfs:label{Literal}@fy,Victoria fan it Feriene Keninkryk,rdfs:label{Literal}@fy
rdfs:label{Literal}@ga,Victoria na Ríochta Aontaithe,rdfs:label{Literal}@ga
rdfs:label{Literal}@gd,Ban-rìgh Bhictoria,rdfs:label{Literal}@gd
rdfs:label{Literal}@gl,Vitoria do Reino Unido,rdfs:label{Literal}@gl
rdfs:label{Literal}@gsw,"Victoria, Chenigi vu Großbritannien un Irland",rdfs:label{Literal}@gsw
rdfs:label{Literal}@hak,Vì-tô-li-â Ńg-vòng,rdfs:label{Literal}@hak
rdfs:label{Literal}@he,ויקטוריה,rdfs:label{Literal}@he
rdfs:label{Literal}@hi,विक्टोरिया,rdfs:label{Literal}@hi
rdfs:label{Literal}@hr,"Viktorija, kraljica Ujedinjenog Kraljevstva",rdfs:label{Literal}@hr
rdfs:label{Literal}@hu,Viktória brit királynő,rdfs:label{Literal}@hu
rdfs:label{Literal}@hy,Վիկտորյա թագուհի,rdfs:label{Literal}@hy
rdfs:label{Literal}@ia,Victoria del Regno Unite,rdfs:label{Literal}@ia
rdfs:label{Literal}@id,Victoria dari Britania Raya,rdfs:label{Literal}@id
rdfs:label{Literal}@io,Victoria,rdfs:label{Literal}@io
rdfs:label{Literal}@is,Viktoría Bretadrottning,rdfs:label{Literal}@is
rdfs:label{Literal}@it,Vittoria del Regno Unito,rdfs:label{Literal}@it
rdfs:label{Literal}@ja,ヴィクトリア (イギリス女王),rdfs:label{Literal}@ja
rdfs:label{Literal}@jv,Victoria saking Britania Raya,rdfs:label{Literal}@jv
rdfs:label{Literal}@ka,ვიქტორია,rdfs:label{Literal}@ka
rdfs:label{Literal}@kab,Tagellit Victoria,rdfs:label{Literal}@kab
rdfs:label{Literal}@kbp,Reine Victoria,rdfs:label{Literal}@kbp
rdfs:label{Literal}@kk,Виктория,rdfs:label{Literal}@kk
rdfs:label{Literal}@kn,ಯುನೈಟೆಡ್ ಕಿಂಗ್ಡಂನ ವಿಕ್ಟೋರಿಯಾ,rdfs:label{Literal}@kn
rdfs:label{Literal}@ko,빅토리아,rdfs:label{Literal}@ko
rdfs:label{Literal}@ku,Keybanû Victoria,rdfs:label{Literal}@ku
rdfs:label{Literal}@kw,Viktorya,rdfs:label{Literal}@kw
rdfs:label{Literal}@ky,Виктория,rdfs:label{Literal}@ky
rdfs:label{Literal}@la,Victoria,rdfs:label{Literal}@la
rdfs:label{Literal}@lb,Victoria vum Vereengte Kinnekräich,rdfs:label{Literal}@lb
rdfs:label{Literal}@lfn,Rea Victoria,rdfs:label{Literal}@lfn
rdfs:label{Literal}@lij,Vitöia d'Inghiltæra,rdfs:label{Literal}@lij
rdfs:label{Literal}@lmo,Vitoria del Regn Unii,rdfs:label{Literal}@lmo
rdfs:label{Literal}@lt,Viktorija,rdfs:label{Literal}@lt
rdfs:label{Literal}@lv,Viktorija,rdfs:label{Literal}@lv
rdfs:label{Literal}@lzh,英王維多利亞,rdfs:label{Literal}@lzh
rdfs:label{Literal}@mai,महारानी भिक्टोरिया,rdfs:label{Literal}@mai
rdfs:label{Literal}@mg,Victoria du Royaume-Uni,rdfs:label{Literal}@mg
rdfs:label{Literal}@mi,Wikitōria,rdfs:label{Literal}@mi
rdfs:label{Literal}@mk,Кралица Викторија,rdfs:label{Literal}@mk
rdfs:label{Literal}@ml,വിക്ടോറിയ രാജ്ഞി,rdfs:label{Literal}@ml
rdfs:label{Literal}@mn,Викториа,rdfs:label{Literal}@mn
rdfs:label{Literal}@mr,व्हिक्टोरिया राणी,rdfs:label{Literal}@mr
rdfs:label{Literal}@ms,Victoria dari United Kingdom,rdfs:label{Literal}@ms
rdfs:label{Literal}@my,ဝိတိုရိယ ဘုရင်မ,rdfs:label{Literal}@my
rdfs:label{Literal}@mzn,ملکه ویکتوریا,rdfs:label{Literal}@mzn
rdfs:label{Literal}@nan,Victoria (Liân-ha̍p Ông-kok),rdfs:label{Literal}@nan
rdfs:label{Literal}@nb,Victoria av Storbritannia,rdfs:label{Literal}@nb
rdfs:label{Literal}@nds,Victoria vun Grootbritannien,rdfs:label{Literal}@nds
rdfs:label{Literal}@ne,रानी भिक्टोरिया,rdfs:label{Literal}@ne
rdfs:label{Literal}@nl,Victoria van het Verenigd Koninkrijk,rdfs:label{Literal}@nl
rdfs:label{Literal}@nn,Victoria av Storbritannia,rdfs:label{Literal}@nn
rdfs:label{Literal}@nrm,Victoria du Rouoyaume Unni,rdfs:label{Literal}@nrm
rdfs:label{Literal}@oc,Victòria I dau Reiaume Unit,rdfs:label{Literal}@oc
rdfs:label{Literal}@pa,﻿ਮਲਿਕਾ ਵਿਕਟੋਰੀਆ,rdfs:label{Literal}@pa
rdfs:label{Literal}@pl,Wiktoria,rdfs:label{Literal}@pl
rdfs:label{Literal}@pms,Vitòria,rdfs:label{Literal}@pms
rdfs:label{Literal}@pnb,ملکہ وکٹوریہ,rdfs:label{Literal}@pnb
rdfs:label{Literal}@ps,ملکه وېکټوريا,rdfs:label{Literal}@ps
rdfs:label{Literal}@pt,Vitória do Reino Unido,rdfs:label{Literal}@pt
rdfs:label{Literal}@pt-br,Vitória do Reino Unido,rdfs:label{Literal}@pt-br
rdfs:label{Literal}@qu,Victoria,rdfs:label{Literal}@qu
rdfs:label{Literal}@ro,Victoria a Regatului Unit,rdfs:label{Literal}@ro
rdfs:label{Literal}@ru,Виктория,rdfs:label{Literal}@ru
rdfs:label{Literal}@rue,Виктория (Споене кральовство),rdfs:label{Literal}@rue
rdfs:label{Literal}@sa,विक्टोरिया,rdfs:label{Literal}@sa
rdfs:label{Literal}@scn,Vittoria dû Regnu Unitu,rdfs:label{Literal}@scn
rdfs:label{Literal}@sco,Queen Victoria,rdfs:label{Literal}@sco
rdfs:label{Literal}@sd,راڻي وڪٽوريا (برطانيا),rdfs:label{Literal}@sd
rdfs:label{Literal}@sgs,Vėktuorėjė (karalienė),rdfs:label{Literal}@sgs
rdfs:label{Literal}@sh,Viktorija,rdfs:label{Literal}@sh
rdfs:label{Literal}@si,වික්ටෝරියා රැජින - එක්සත් රාජධානිය,rdfs:label{Literal}@si
rdfs:label{Literal}@sk,Viktória,rdfs:label{Literal}@sk
rdfs:label{Literal}@sl,Viktorija Britanska,rdfs:label{Literal}@sl
rdfs:label{Literal}@sm,Masiofo Vitoria,rdfs:label{Literal}@sm
rdfs:label{Literal}@sq,Mbretëresha Victoria,rdfs:label{Literal}@sq
rdfs:label{Literal}@sr,Викторија Хановерска,rdfs:label{Literal}@sr
rdfs:label{Literal}@sv,Viktoria av Storbritannien,rdfs:label{Literal}@sv
rdfs:label{Literal}@sw,Viktoria wa Uingereza,rdfs:label{Literal}@sw
rdfs:label{Literal}@ta,ஐக்கிய இராச்சியத்தின் விக்டோரியா,rdfs:label{Literal}@ta
rdfs:label{Literal}@te,బ్రిటన్‌ రాణి విక్టోరియా,rdfs:label{Literal}@te
rdfs:label{Literal}@th,สมเด็จพระราชินีนาถวิกตอเรียแห่งสหราชอาณาจักร,rdfs:label{Literal}@th
rdfs:label{Literal}@tl,Victoria ng Nagkakaisang Kaharian,rdfs:label{Literal}@tl
rdfs:label{Literal}@tr,Victoria,rdfs:label{Literal}@tr
rdfs:label{Literal}@tt,Виктория,rdfs:label{Literal}@tt
rdfs:label{Literal}@tw,Queen Victoria,rdfs:label{Literal}@tw
rdfs:label{Literal}@uk,Вікторія,rdfs:label{Literal}@uk
rdfs:label{Literal}@ur,ملکہ وکٹوریہ,rdfs:label{Literal}@ur
rdfs:label{Literal}@uz,Viktoriya,rdfs:label{Literal}@uz
rdfs:label{Literal}@vi,Victoria của Anh,rdfs:label{Literal}@vi
rdfs:label{Literal}@vro,Kuninganna Victoria,rdfs:label{Literal}@vro
rdfs:label{Literal}@war,Victoria han Reino Unido,rdfs:label{Literal}@war
rdfs:label{Literal}@wuu,维多利亚女王,rdfs:label{Literal}@wuu
rdfs:label{Literal}@xmf,ვიქტორია,rdfs:label{Literal}@xmf
rdfs:label{Literal}@yi,קעניגין וויקטאריע,rdfs:label{Literal}@yi
rdfs:label{Literal}@yue,維多利亞女皇,rdfs:label{Literal}@yue
rdfs:label{Literal}@zea,Koningin Victoria,rdfs:label{Literal}@zea
rdfs:label{Literal}@zh,維多利亞女王,rdfs:label{Literal}@zh
rdfs:label{Literal}@zh-cn,维多利亚女王,rdfs:label{Literal}@zh-cn
rdfs:label{Literal}@zh-hans,维多利亚女王,rdfs:label{Literal}@zh-hans
rdfs:label{Literal}@zh-hant,維多利亞女王,rdfs:label{Literal}@zh-hant
rdfs:label{Literal}@zh-hk,維多利亞女皇,rdfs:label{Literal}@zh-hk
rdfs:label{Literal}@zh-mo,維多利亞女皇,rdfs:label{Literal}@zh-mo
rdfs:label{Literal}@zh-my,维多利亚女王,rdfs:label{Literal}@zh-my
rdfs:label{Literal}@zh-sg,维多利亚女王,rdfs:label{Literal}@zh-sg
rdfs:label{Literal}@zh-tw,維多利亞女王,rdfs:label{Literal}@zh-tw
skos:prefLabel{Literal}@en,Queen Victoria,skos:prefLabel{Literal}@en
skos:prefLabel{Literal}@af,Victoria van die Verenigde Koninkryk,skos:prefLabel{Literal}@af
skos:prefLabel{Literal}@am,ንግሥት ቪክቶሪያ,skos:prefLabel{Literal}@am
skos:prefLabel{Literal}@an,Vitoria d'o Reino Unito,skos:prefLabel{Literal}@an
skos:prefLabel{Literal}@ar,فيكتوريا ملكة المملكة المتحدة,skos:prefLabel{Literal}@ar
skos:prefLabel{Literal}@ary,لملكة ڤيكطوريا,skos:prefLabel{Literal}@ary
skos:prefLabel{Literal}@arz,فيكتوريا ملكة المملكه المتحده,skos:prefLabel{Literal}@arz
skos:prefLabel{Literal}@ast,Victoria del Reinu Xuníu,skos:prefLabel{Literal}@ast
skos:prefLabel{Literal}@az,I Viktoriya,skos:prefLabel{Literal}@az
skos:prefLabel{Literal}@azb,ویکتوریا خاتون,skos:prefLabel{Literal}@azb
skos:prefLabel{Literal}@ba,Виктория,skos:prefLabel{Literal}@ba
skos:prefLabel{Literal}@bcl,Queen Victoria,skos:prefLabel{Literal}@bcl
skos:prefLabel{Literal}@be,"Вікторыя, каралева брытанская",skos:prefLabel{Literal}@be
skos:prefLabel{Literal}@be-tarask,Вікторыя,skos:prefLabel{Literal}@be-tarask
skos:prefLabel{Literal}@bg,Виктория,skos:prefLabel{Literal}@bg
skos:prefLabel{Literal}@bho,रानी विक्टोरिया,skos:prefLabel{Literal}@bho
skos:prefLabel{Literal}@bn,রানি ভিক্টোরিয়া,skos:prefLabel{Literal}@bn
skos:prefLabel{Literal}@br,Victoria,skos:prefLabel{Literal}@br
skos:prefLabel{Literal}@bs,"Viktorija, kraljica Ujedinjenog Kraljevstva",skos:prefLabel{Literal}@bs
skos:prefLabel{Literal}@ca,Reina Victòria del Regne Unit,skos:prefLabel{Literal}@ca
skos:prefLabel{Literal}@cdo,Victoria Nṳ̄-uòng,skos:prefLabel{Literal}@cdo
skos:prefLabel{Literal}@ckb,ڤیکتۆریا,skos:prefLabel{Literal}@ckb
skos:prefLabel{Literal}@cs,Viktorie Britská,skos:prefLabel{Literal}@cs
skos:prefLabel{Literal}@cv,Виктория,skos:prefLabel{Literal}@cv
skos:prefLabel{Literal}@cy,"Victoria, brenhines y Deyrnas Unedig",skos:prefLabel{Literal}@cy
skos:prefLabel{Literal}@da,Victoria af Storbritannien,skos:prefLabel{Literal}@da
skos:prefLabel{Literal}@de,Victoria,skos:prefLabel{Literal}@de
skos:prefLabel{Literal}@de-ch,Victoria,skos:prefLabel{Literal}@de-ch
skos:prefLabel{Literal}@dty,महारानी भिक्टोरिया,skos:prefLabel{Literal}@dty
skos:prefLabel{Literal}@el,Βασίλισσα Βικτωρία,skos:prefLabel{Literal}@el
skos:prefLabel{Literal}@en-ca,Queen Victoria,skos:prefLabel{Literal}@en-ca
skos:prefLabel{Literal}@en-gb,Queen Victoria,skos:prefLabel{Literal}@en-gb
skos:prefLabel{Literal}@eo,Viktoria de Britio,skos:prefLabel{Literal}@eo
skos:prefLabel{Literal}@es,Victoria del Reino Unido,skos:prefLabel{Literal}@es
skos:prefLabel{Literal}@et,Victoria,skos:prefLabel{Literal}@et
skos:prefLabel{Literal}@eu,Viktoria Erresuma Batukoa,skos:prefLabel{Literal}@eu
skos:prefLabel{Literal}@fa,ویکتوریای پادشاهی متحده,skos:prefLabel{Literal}@fa
skos:prefLabel{Literal}@fi,Viktoria,skos:prefLabel{Literal}@fi
skos:prefLabel{Literal}@fo,Victoria drotning,skos:prefLabel{Literal}@fo
skos:prefLabel{Literal}@fr,Victoria,skos:prefLabel{Literal}@fr
skos:prefLabel{Literal}@frr,Victoria (Ferianigt Köningrik),skos:prefLabel{Literal}@frr
skos:prefLabel{Literal}@fy,Victoria fan it Feriene Keninkryk,skos:prefLabel{Literal}@fy
skos:prefLabel{Literal}@ga,Victoria na Ríochta Aontaithe,skos:prefLabel{Literal}@ga
skos:prefLabel{Literal}@gd,Ban-rìgh Bhictoria,skos:prefLabel{Literal}@gd
skos:prefLabel{Literal}@gl,Vitoria do Reino Unido,skos:prefLabel{Literal}@gl
skos:prefLabel{Literal}@gsw,"Victoria, Chenigi vu Großbritannien un Irland",skos:prefLabel{Literal}@gsw
skos:prefLabel{Literal}@hak,Vì-tô-li-â Ńg-vòng,skos:prefLabel{Literal}@hak
skos:prefLabel{Literal}@he,ויקטוריה,skos:prefLabel{Literal}@he
skos:prefLabel{Literal}@hi,विक्टोरिया,skos:prefLabel{Literal}@hi
skos:prefLabel{Literal}@hr,"Viktorija, kraljica Ujedinjenog Kraljevstva",skos:prefLabel{Literal}@hr
skos:prefLabel{Literal}@hu,Viktória brit királynő,skos:prefLabel{Literal}@hu
skos:prefLabel{Literal}@hy,Վիկտորյա թագուհի,skos:prefLabel{Literal}@hy
skos:prefLabel{Literal}@ia,Victoria del Regno Unite,skos:prefLabel{Literal}@ia
skos:prefLabel{Literal}@id,Victoria dari Britania Raya,skos:prefLabel{Literal}@id
skos:prefLabel{Literal}@io,Victoria,skos:prefLabel{Literal}@io
skos:prefLabel{Literal}@is,Viktoría Bretadrottning,skos:prefLabel{Literal}@is
skos:prefLabel{Literal}@it,Vittoria del Regno Unito,skos:prefLabel{Literal}@it
skos:prefLabel{Literal}@ja,ヴィクトリア (イギリス女王),skos:prefLabel{Literal}@ja
skos:prefLabel{Literal}@jv,Victoria saking Britania Raya,skos:prefLabel{Literal}@jv
skos:prefLabel{Literal}@ka,ვიქტორია,skos:prefLabel{Literal}@ka
skos:prefLabel{Literal}@kab,Tagellit Victoria,skos:prefLabel{Literal}@kab
skos:prefLabel{Literal}@kbp,Reine Victoria,skos:prefLabel{Literal}@kbp
skos:prefLabel{Literal}@kk,Виктория,skos:prefLabel{Literal}@kk
skos:prefLabel{Literal}@kn,ಯುನೈಟೆಡ್ ಕಿಂಗ್ಡಂನ ವಿಕ್ಟೋರಿಯಾ,skos:prefLabel{Literal}@kn
skos:prefLabel{Literal}@ko,빅토리아,skos:prefLabel{Literal}@ko
skos:prefLabel{Literal}@ku,Keybanû Victoria,skos:prefLabel{Literal}@ku
skos:prefLabel{Literal}@kw,Viktorya,skos:prefLabel{Literal}@kw
skos:prefLabel{Literal}@ky,Виктория,skos:prefLabel{Literal}@ky
skos:prefLabel{Literal}@la,Victoria,skos:prefLabel{Literal}@la
skos:prefLabel{Literal}@lb,Victoria vum Vereengte Kinnekräich,skos:prefLabel{Literal}@lb
skos:prefLabel{Literal}@lfn,Rea Victoria,skos:prefLabel{Literal}@lfn
skos:prefLabel{Literal}@lij,Vitöia d'Inghiltæra,skos:prefLabel{Literal}@lij
skos:prefLabel{Literal}@lmo,Vitoria del Regn Unii,skos:prefLabel{Literal}@lmo
skos:prefLabel{Literal}@lt,Viktorija,skos:prefLabel{Literal}@lt
skos:prefLabel{Literal}@lv,Viktorija,skos:prefLabel{Literal}@lv
skos:prefLabel{Literal}@lzh,英王維多利亞,skos:prefLabel{Literal}@lzh
skos:prefLabel{Literal}@mai,महारानी भिक्टोरिया,skos:prefLabel{Literal}@mai
skos:prefLabel{Literal}@mg,Victoria du Royaume-Uni,skos:prefLabel{Literal}@mg
skos:prefLabel{Literal}@mi,Wikitōria,skos:prefLabel{Literal}@mi
skos:prefLabel{Literal}@mk,Кралица Викторија,skos:prefLabel{Literal}@mk
skos:prefLabel{Literal}@ml,വിക്ടോറിയ രാജ്ഞി,skos:prefLabel{Literal}@ml
skos:prefLabel{Literal}@mn,Викториа,skos:prefLabel{Literal}@mn
skos:prefLabel{Literal}@mr,व्हिक्टोरिया राणी,skos:prefLabel{Literal}@mr
skos:prefLabel{Literal}@ms,Victoria dari United Kingdom,skos:prefLabel{Literal}@ms
skos:prefLabel{Literal}@my,ဝိတိုရိယ ဘုရင်မ,skos:prefLabel{Literal}@my
skos:prefLabel{Literal}@mzn,ملکه ویکتوریا,skos:prefLabel{Literal}@mzn
skos:prefLabel{Literal}@nan,Victoria (Liân-ha̍p Ông-kok),skos:prefLabel{Literal}@nan
skos:prefLabel{Literal}@nb,Victoria av Storbritannia,skos:prefLabel{Literal}@nb
skos:prefLabel{Literal}@nds,Victoria vun Grootbritannien,skos:prefLabel{Literal}@nds
skos:prefLabel{Literal}@ne,रानी भिक्टोरिया,skos:prefLabel{Literal}@ne
skos:prefLabel{Literal}@nl,Victoria van het Verenigd Koninkrijk,skos:prefLabel{Literal}@nl
skos:prefLabel{Literal}@nn,Victoria av Storbritannia,skos:prefLabel{Literal}@nn
skos:prefLabel{Literal}@nrm,Victoria du Rouoyaume Unni,skos:prefLabel{Literal}@nrm
skos:prefLabel{Literal}@oc,Victòria I dau Reiaume Unit,skos:prefLabel{Literal}@oc
skos:prefLabel{Literal}@pa,﻿ਮਲਿਕਾ ਵਿਕਟੋਰੀਆ,skos:prefLabel{Literal}@pa
skos:prefLabel{Literal}@pl,Wiktoria,skos:prefLabel{Literal}@pl
skos:prefLabel{Literal}@pms,Vitòria,skos:prefLabel{Literal}@pms
skos:prefLabel{Literal}@pnb,ملکہ وکٹوریہ,skos:prefLabel{Literal}@pnb
skos:prefLabel{Literal}@ps,ملکه وېکټوريا,skos:prefLabel{Literal}@ps
skos:prefLabel{Literal}@pt,Vitória do Reino Unido,skos:prefLabel{Literal}@pt
skos:prefLabel{Literal}@pt-br,Vitória do Reino Unido,skos:prefLabel{Literal}@pt-br
skos:prefLabel{Literal}@qu,Victoria,skos:prefLabel{Literal}@qu
skos:prefLabel{Literal}@ro,Victoria a Regatului Unit,skos:prefLabel{Literal}@ro
skos:prefLabel{Literal}@ru,Виктория,skos:prefLabel{Literal}@ru
skos:prefLabel{Literal}@rue,Виктория (Споене кральовство),skos:prefLabel{Literal}@rue
skos:prefLabel{Literal}@sa,विक्टोरिया,skos:prefLabel{Literal}@sa
skos:prefLabel{Literal}@scn,Vittoria dû Regnu Unitu,skos:prefLabel{Literal}@scn
skos:prefLabel{Literal}@sco,Queen Victoria,skos:prefLabel{Literal}@sco
skos:prefLabel{Literal}@sd,راڻي وڪٽوريا (برطانيا),skos:prefLabel{Literal}@sd
skos:prefLabel{Literal}@sgs,Vėktuorėjė (karalienė),skos:prefLabel{Literal}@sgs
skos:prefLabel{Literal}@sh,Viktorija,skos:prefLabel{Literal}@sh
skos:prefLabel{Literal}@si,වික්ටෝරියා රැජින - එක්සත් රාජධානිය,skos:prefLabel{Literal}@si
skos:prefLabel{Literal}@sk,Viktória,skos:prefLabel{Literal}@sk
skos:prefLabel{Literal}@sl,Viktorija Britanska,skos:prefLabel{Literal}@sl
skos:prefLabel{Literal}@sm,Masiofo Vitoria,skos:prefLabel{Literal}@sm
skos:prefLabel{Literal}@sq,Mbretëresha Victoria,skos:prefLabel{Literal}@sq
skos:prefLabel{Literal}@sr,Викторија Хановерска,skos:prefLabel{Literal}@sr
skos:prefLabel{Literal}@sv,Viktoria av Storbritannien,skos:prefLabel{Literal}@sv
skos:prefLabel{Literal}@sw,Viktoria wa Uingereza,skos:prefLabel{Literal}@sw
skos:prefLabel{Literal}@ta,ஐக்கிய இராச்சியத்தின் விக்டோரியா,skos:prefLabel{Literal}@ta
skos:prefLabel{Literal}@te,బ్రిటన్‌ రాణి విక్టోరియా,skos:prefLabel{Literal}@te
skos:prefLabel{Literal}@th,สมเด็จพระราชินีนาถวิกตอเรียแห่งสหราชอาณาจักร,skos:prefLabel{Literal}@th
skos:prefLabel{Literal}@tl,Victoria ng Nagkakaisang Kaharian,skos:prefLabel{Literal}@tl
skos:prefLabel{Literal}@tr,Victoria,skos:prefLabel{Literal}@tr
skos:prefLabel{Literal}@tt,Виктория,skos:prefLabel{Literal}@tt
skos:prefLabel{Literal}@tw,Queen Victoria,skos:prefLabel{Literal}@tw
skos:prefLabel{Literal}@uk,Вікторія,skos:prefLabel{Literal}@uk
skos:prefLabel{Literal}@ur,ملکہ وکٹوریہ,skos:prefLabel{Literal}@ur
skos:prefLabel{Literal}@uz,Viktoriya,skos:prefLabel{Literal}@uz
skos:prefLabel{Literal}@vi,Victoria của Anh,skos:prefLabel{Literal}@vi
skos:prefLabel{Literal}@vro,Kuninganna Victoria,skos:prefLabel{Literal}@vro
skos:prefLabel{Literal}@war,Victoria han Reino Unido,skos:prefLabel{Literal}@war
skos:prefLabel{Literal}@wuu,维多利亚女王,skos:prefLabel{Literal}@wuu
skos:prefLabel{Literal}@xmf,ვიქტორია,skos:prefLabel{Literal}@xmf
skos:prefLabel{Literal}@yi,קעניגין וויקטאריע,skos:prefLabel{Literal}@yi
skos:prefLabel{Literal}@yue,維多利亞女皇,skos:prefLabel{Literal}@yue
skos:prefLabel{Literal}@zea,Koningin Victoria,skos:prefLabel{Literal}@zea
skos:prefLabel{Literal}@zh,維多利亞女王,skos:prefLabel{Literal}@zh
skos:prefLabel{Literal}@zh-cn,维多利亚女王,skos:prefLabel{Literal}@zh-cn
skos:prefLabel{Literal}@zh-hans,维多利亚女王,skos:prefLabel{Literal}@zh-hans
skos:prefLabel{Literal}@zh-hant,維多利亞女王,skos:prefLabel{Literal}@zh-hant
skos:prefLabel{Literal}@zh-hk,維多利亞女皇,skos:prefLabel{Literal}@zh-hk
skos:prefLabel{Literal}@zh-mo,維多利亞女皇,skos:prefLabel{Literal}@zh-mo
skos:prefLabel{Literal}@zh-my,维多利亚女王,skos:prefLabel{Literal}@zh-my
skos:prefLabel{Literal}@zh-sg,维多利亚女王,skos:prefLabel{Literal}@zh-sg
skos:prefLabel{Literal}@zh-tw,維多利亞女王,skos:prefLabel{Literal}@zh-tw
skos:altLabel{Literal}@ar,الملكة فيكتوريا,skos:altLabel{Literal}@ar
skos:altLabel{Literal}@ast,Alexandrina Victoria de Hannover,skos:altLabel{Literal}@ast
skos:altLabel{Literal}@be,каралева брытанская Вікторыя,skos:altLabel{Literal}@be
skos:altLabel{Literal}@bn,আলেকজান্ড্রিনা ভিক্টোরিয়া,skos:altLabel{Literal}@bn
skos:altLabel{Literal}[0]@cs,Alexandrina Victoria,skos:altLabel{Literal}[0]@cs
skos:altLabel{Literal}[1]@cs,Viktorie,skos:altLabel{Literal}[1]@cs
skos:altLabel{Literal}[2]@cs,královna Viktorie,skos:altLabel{Literal}[2]@cs
skos:altLabel{Literal}[0]@en,Alexandrina Hanover,skos:altLabel{Literal}[0]@en
skos:altLabel{Literal}[1]@en,Alexandrina Victoria,skos:altLabel{Literal}[1]@en
skos:altLabel{Literal}[2]@en,Alexandrina Victoria von Hannover,skos:altLabel{Literal}[2]@en
skos:altLabel{Literal}[3]@en,Princess Victoria,skos:altLabel{Literal}[3]@en
skos:altLabel{Literal}[4]@en,"Queen Victoria, Queen of the United Kingdom",skos:altLabel{Literal}[4]@en
skos:altLabel{Literal}[5]@en,Queen of Great Britain Victoria,skos:altLabel{Literal}[5]@en
skos:altLabel{Literal}[6]@en,Queen of Great Britain and Empress of India Victoria,skos:altLabel{Literal}[6]@en
skos:altLabel{Literal}[7]@en,Reina de Gran Bretaña Victoria I,skos:altLabel{Literal}[7]@en
skos:altLabel{Literal}[8]@en,Victoria,skos:altLabel{Literal}[8]@en
skos:altLabel{Literal}[9]@en,Victoria Alexandrina,skos:altLabel{Literal}[9]@en
skos:altLabel{Literal}[10]@en,Victoria Hanover,skos:altLabel{Literal}[10]@en
skos:altLabel{Literal}[11]@en,Victoria of the United Kingdom,skos:altLabel{Literal}[11]@en
skos:altLabel{Literal}[12]@en,"Victoria, Queen of Great Britain",skos:altLabel{Literal}[12]@en
skos:altLabel{Literal}[13]@en,koningin van Groot-Brittannie͏̈ en Ierland Victoria,skos:altLabel{Literal}[13]@en
skos:altLabel{Literal}[14]@en,regina di Gran Bretagna e Irlanda Victoria,skos:altLabel{Literal}[14]@en
skos:altLabel{Literal}[15]@en,reine de Grande-Bretagne Victoria,skos:altLabel{Literal}[15]@en
skos:altLabel{Literal}@eo,Viktorino de Britio,skos:altLabel{Literal}@eo
skos:altLabel{Literal}[0]@es,Victoria,skos:altLabel{Literal}[0]@es
skos:altLabel{Literal}[1]@es,reina Victoria,skos:altLabel{Literal}[1]@es
skos:altLabel{Literal}[0]@fr,Victoria du Royaume-Uni,skos:altLabel{Literal}[0]@fr
skos:altLabel{Literal}[1]@fr,reine Victoria,skos:altLabel{Literal}[1]@fr
skos:altLabel{Literal}@fy,Fiktoaria fan Hannover,skos:altLabel{Literal}@fy
skos:altLabel{Literal}@gsw,Victoria (Vereinigtes Königreich),skos:altLabel{Literal}@gsw
skos:altLabel{Literal}@hy,Վիկտորյյա,skos:altLabel{Literal}@hy
skos:altLabel{Literal}@it,Regina Vittoria,skos:altLabel{Literal}@it
skos:altLabel{Literal}[0]@ja,アレクサンドリナ・ヴィクトリア,skos:altLabel{Literal}[0]@ja
skos:altLabel{Literal}[1]@ja,维多利亚女王,skos:altLabel{Literal}[1]@ja
skos:altLabel{Literal}@kn,ಮಹಾರಾಣಿ ವಿಕ್ಟೋರಿಯ,skos:altLabel{Literal}@kn
skos:altLabel{Literal}@ku,Victoria von Hannover,skos:altLabel{Literal}@ku
skos:altLabel{Literal}@mg,Queen Victoria,skos:altLabel{Literal}@mg
skos:altLabel{Literal}@mi,Kuīni Wikitōria,skos:altLabel{Literal}@mi
skos:altLabel{Literal}@ms,Alexandrina Victoria,skos:altLabel{Literal}@ms
skos:altLabel{Literal}@nn,Alexandrina Victoria,skos:altLabel{Literal}@nn
skos:altLabel{Literal}@pl,Victoria,skos:altLabel{Literal}@pl
skos:altLabel{Literal}@ro,Alexandrina Victoria,skos:altLabel{Literal}@ro
skos:altLabel{Literal}@ur,ملکہ مملکت متحدہ,skos:altLabel{Literal}@ur
skos:altLabel{Literal}[0]@zh,維多利亞女皇,skos:altLabel{Literal}[0]@zh
skos:altLabel{Literal}[1]@zh,维多利亚女王,skos:altLabel{Literal}[1]@zh
skos:altLabel{Literal}[2]@zh,维多利亚女皇,skos:altLabel{Literal}[2]@zh
skos:altLabel{Literal}@zh-hans,维多利亚女皇,skos:altLabel{Literal}@zh-hans
p:P10018{URIRef},s:Q9439-968C3A87-BA80-4C15-9274-24DC831A8B85,p:P10018{URIRef}
p:P1006{URIRef},s:Q9439-9B99FA75-97E3-478A-808A-A617C8C951C8,p:P1006{URIRef}
p:P10242{URIRef},s:Q9439-0C7499F8-6987-4FE1-960B-DEA846D21604,p:P10242{URIRef}
p:P10297{URIRef},s:Q9439-7c71675f-4f22-1cb0-f03c-3bd9bc10d8f4,p:P10297{URIRef}
p:P1038{URIRef},s:Q9439-d7899653-4ebc-5079-489b-9e2b7378f013,p:P1038{URIRef}
p:P1050{URIRef},s:Q9439-ceb4c683-46de-153f-e063-cd952cd527b3,p:P1050{URIRef}
p:P106{URIRef}[0],s:Q9439-00603FCE-080B-4949-979B-036B2F947765,p:P106{URIRef}[0]
p:P106{URIRef}[1],s:Q9439-0783B2E6-312D-4724-A0DE-11B715FFA160,p:P106{URIRef}[1]
p:P106{URIRef}[2],s:Q9439-A67D8949-0F26-45BC-A99D-69A212A738B7,p:P106{URIRef}[2]
p:P106{URIRef}[3],s:Q9439-CE1B9EA7-2E88-4D95-B769-364B671E7773,p:P106{URIRef}[3]
p:P106{URIRef}[4],s:Q9439-d42863d5-474c-7baa-80c0-51cbadb6b1c0,p:P106{URIRef}[4]
p:P1066{URIRef},s:Q9439-a43bcb45-4b80-6dc9-9333-4a73c1125e7c,p:P1066{URIRef}
p:P109{URIRef},s:q9439-81272370-3919-47E6-ABFE-6F3746BBE102,p:P109{URIRef}
p:P119{URIRef},s:Q9439-292F2A90-8D7B-484A-BAC9-511C79150611,p:P119{URIRef}
p:P1196{URIRef},s:Q9439-0009F22F-5EFC-4980-811F-52930C8524B6,p:P1196{URIRef}
p:P1207{URIRef},s:Q9439-B97C5B25-DBE3-4885-8FEB-55758E04E27C,p:P1207{URIRef}
p:P1225{URIRef},s:Q9439-B69D7598-083E-4B03-90DE-EFD22AF903AE,p:P1225{URIRef}
p:P1260{URIRef},s:Q9439-6730E95B-8816-42D6-A6A3-CECB55F6220B,p:P1260{URIRef}
p:P1263{URIRef},s:Q9439-54D313D7-1BAA-4043-BAD8-B1E97F986286,p:P1263{URIRef}
p:P1273{URIRef},s:Q9439-68193828-D915-43FF-B5E1-E5DFE368C3C4,p:P1273{URIRef}
p:P1280{URIRef},s:Q9439-ef90b70c-4575-3512-1a13-1a081408d4ac,p:P1280{URIRef}
p:P1290{URIRef}[0],s:Q9439-0d56091a-402a-6c9d-c32d-74126b91a235,p:P1290{URIRef}[0]
p:P1290{URIRef}[1],s:Q9439-23470eb3-4eea-51d6-1b48-c623d364e11e,p:P1290{URIRef}[1]
p:P1290{URIRef}[2],s:Q9439-7d8af908-4601-7418-64e1-e2585fd387ed,p:P1290{URIRef}[2]
p:P1290{URIRef}[3],s:Q9439-b491d023-47bb-327b-1911-cfe36adbedcc,p:P1290{URIRef}[3]
p:P1299{URIRef},s:Q9439-ed635c81-4cbb-e273-473d-6946daae3f2d,p:P1299{URIRef}
p:P1309{URIRef},s:q9439-5ceddba8-46a8-d6a2-ed17-ba83db96ef56,p:P1309{URIRef}
p:P1315{URIRef},s:Q9439-C0B0C0C9-9181-4EB1-9AE4-F21203505F59,p:P1315{URIRef}
p:P1343{URIRef}[0],s:Q9439-266F07D7-C141-4B7A-8A39-B69591A1E974,p:P1343{URIRef}[0]
p:P1343{URIRef}[1],s:Q9439-2D12344B-9FED-4D3A-B7AC-9D07403AFF9E,p:P1343{URIRef}[1]
p:P1343{URIRef}[2],s:Q9439-37fa7abc-de76-4ac8-93b2-18361f1d6a8b,p:P1343{URIRef}[2]
p:P1343{URIRef}[3],s:Q9439-66DBBFB3-34D1-4925-9825-F811F477DD1A,p:P1343{URIRef}[3]
p:P1343{URIRef}[4],s:Q9439-A6031AC0-409D-480E-8A7F-F8326C464B36,p:P1343{URIRef}[4]
p:P1343{URIRef}[5],s:Q9439-C9519DE1-62B3-4540-B010-044161698D30,p:P1343{URIRef}[5]
p:P1343{URIRef}[6],s:Q9439-CB70723D-B84C-47F9-966B-9F47313A248F,p:P1343{URIRef}[6]
p:P1368{URIRef},s:q9439-82c5d96c-4fdb-853e-5164-c7b0ec230f98,p:P1368{URIRef}
p:P1375{URIRef},s:q9439-0ce2cc33-4d2f-8839-ea50-acb86ba6ea97,p:P1375{URIRef}
p:P138{URIRef}[0],s:Q9439-23194ed1-4e65-c20d-7848-fcbec1686e2f,p:P138{URIRef}[0]
p:P138{URIRef}[1],s:Q9439-44d8226b-413e-1ca5-6b13-0d152cc6209c,p:P138{URIRef}[1]
p:P140{URIRef},s:Q9439-bdd1d2ec-4dc3-b1bb-1452-31710470e40c,p:P140{URIRef}
p:P1412{URIRef}[0],s:Q9439-0adfe1af-4bd5-83c5-d5fb-f39854770a17,p:P1412{URIRef}[0]
p:P1412{URIRef}[1],s:Q9439-17F1C16A-3688-40EF-88B7-7704F85B776D,p:P1412{URIRef}[1]
p:P1412{URIRef}[2],s:Q9439-1a5cad90-48ca-deb8-6833-03beaf3ba6f3,p:P1412{URIRef}[2]
p:P1412{URIRef}[3],s:Q9439-2945e19c-4c92-40fe-b70a-729664e2b91c,p:P1412{URIRef}[3]
p:P1412{URIRef}[4],s:Q9439-6de640db-4d88-7d76-0879-febfd88da787,p:P1412{URIRef}[4]
p:P1415{URIRef},s:Q9439-EE50C43C-9F3D-4139-96FC-7721F33A29F8,p:P1415{URIRef}
p:P1417{URIRef},s:Q9439-A3C6495B-D506-4549-BD1B-33D3031F804F,p:P1417{URIRef}
p:P1424{URIRef},s:Q9439-87c8179e-4d22-3cde-1197-e6a70de6dd7a,p:P1424{URIRef}
p:P1430{URIRef}[0],s:Q9439-74ED9B8D-D32D-4C26-9CCD-22A7555D5E03,p:P1430{URIRef}[0]
p:P1430{URIRef}[1],s:Q9439-CDB8BD0E-43B3-423F-9C72-776E22DDB127,p:P1430{URIRef}[1]
p:P1441{URIRef},s:Q9439-C9398311-BFA9-4FD0-9049-B2041E3C68EF,p:P1441{URIRef}
p:P1442{URIRef},s:Q9439-808bbfb6-4d26-1b53-69cb-90e67bef3124,p:P1442{URIRef}
p:P1472{URIRef},s:Q9439-77dbeb04-4a4e-1664-c951-1b556744c657,p:P1472{URIRef}
p:P1477{URIRef},s:Q9439-990062b4-488b-62ed-281e-8f340cc08f74,p:P1477{URIRef}
p:P1543{URIRef},s:Q9439-df310a1d-4364-9bb4-2b97-37b2fae7507a,p:P1543{URIRef}
p:P1559{URIRef}[0],s:Q9439-4161ca00-42c8-ed1e-0fb6-0afe6f16d529,p:P1559{URIRef}[0]
p:P1559{URIRef}[1],s:Q9439-fdeb862f-4b60-3644-e755-4142de858432,p:P1559{URIRef}[1]
p:P1580{URIRef},s:Q9439-45F0C25A-A94E-4AD4-845C-0D460489A784,p:P1580{URIRef}
p:P1617{URIRef},s:Q9439-c8184785-4981-cc8e-ff60-ed35b9d83a81,p:P1617{URIRef}
p:P1636{URIRef},s:Q9439-3e1c888b-45a3-30cd-112e-c06bf20fcea7,p:P1636{URIRef}
p:P166{URIRef}[0],s:Q9439-0461774a-4efe-4f4e-7a7b-5beb4f37de79,p:P166{URIRef}[0]
p:P166{URIRef}[1],s:Q9439-06b1e623-4da4-557d-2f48-29b96ed210a4,p:P166{URIRef}[1]
p:P166{URIRef}[2],s:Q9439-084ff964-4c9c-70ec-00ef-9d6730330df2,p:P166{URIRef}[2]
p:P166{URIRef}[3],s:Q9439-22a47381-47aa-27c9-25b0-6170d238c09c,p:P166{URIRef}[3]
p:P166{URIRef}[4],s:Q9439-5a5d613d-4c57-1794-193a-d2ac8ae11f74,p:P166{URIRef}[4]
p:P166{URIRef}[5],s:Q9439-6e5f31aa-4bea-1dd2-44e2-dc5c37e708fd,p:P166{URIRef}[5]
p:P166{URIRef}[6],s:Q9439-74175ac3-484f-7220-5884-a67635cd468b,p:P166{URIRef}[6]
p:P166{URIRef}[7],s:Q9439-7d0926a0-4aab-43e2-ee9f-e30a8e85f826,p:P166{URIRef}[7]
p:P166{URIRef}[8],s:Q9439-a05357ab-4136-bc12-1c4d-8bc53666484c,p:P166{URIRef}[8]
p:P166{URIRef}[9],s:Q9439-b08abc70-4e8c-2b4f-f8c4-36d29c07e634,p:P166{URIRef}[9]
p:P166{URIRef}[10],s:Q9439-d2944f57-48a7-0386-66d5-c9b377fc22d7,p:P166{URIRef}[10]
p:P166{URIRef}[11],s:Q9439-e952df5a-487c-dcbf-c5cc-2c739e1965b1,p:P166{URIRef}[11]
p:P166{URIRef}[12],s:Q9439-f1bc23d6-4597-0cb8-4522-f30bcf24ef30,p:P166{URIRef}[12]
p:P1695{URIRef},s:Q9439-e53de7d4-587c-404d-a6b1-97ac4bc6f9c7,p:P1695{URIRef}
p:P1711{URIRef},s:Q9439-417AD2E3-5B90-465C-841B-58813BF62771,p:P1711{URIRef}
p:P1741{URIRef},s:Q9439-8B1A9BDE-7A05-41D1-81FD-DE83D9D57E6A,p:P1741{URIRef}
p:P1795{URIRef},s:Q9439-95161673-E70D-4146-B5CA-36F65F698D1F,p:P1795{URIRef}
p:P18{URIRef},s:q9439-669AC713-5750-44EE-A61A-A16FE984D8A0,p:P18{URIRef}
p:P1816{URIRef},s:Q9439-CE2D015B-8331-4762-9587-45D0C10F045B,p:P1816{URIRef}
p:P1819{URIRef},s:Q9439-a5fe8beb-4a66-02b5-e034-6c3fdae2c480,p:P1819{URIRef}
p:P1830{URIRef}[0],s:Q9439-3011D690-FEB6-406D-AA45-7C21AEB2AE80,p:P1830{URIRef}[0]
p:P1830{URIRef}[1],s:Q9439-4B30310E-36BA-485E-BF33-B76063FF6C8D,p:P1830{URIRef}[1]
p:P1830{URIRef}[2],s:Q9439-CD882BB6-DF18-4251-9C20-E5F7AB81FE1F,p:P1830{URIRef}[2]
p:P1830{URIRef}[3],s:Q9439-EC534389-612A-415C-8095-0CACF99C06B7,p:P1830{URIRef}[3]
p:P1871{URIRef},s:Q9439-0DFE52D4-9F2D-4D47-B89E-083BE4F72025,p:P1871{URIRef}
p:P1899{URIRef},s:Q9439-2F665644-7FE5-4FFC-AAEC-C95D52BA03B5,p:P1899{URIRef}
p:P19{URIRef},s:q9439-6A546BBA-0A59-446D-882D-A8E3B68AC510,p:P19{URIRef}
p:P1938{URIRef},s:Q9439-610930E5-013F-4436-95E7-EC1D509D30AD,p:P1938{URIRef}
p:P20{URIRef},s:q9439-FD71E154-B88E-4282-AD8E-B11B70258A85,p:P20{URIRef}
p:P2011{URIRef},s:Q9439-E565746D-7580-4E30-BDE0-40BCA12DEBB0,p:P2011{URIRef}
p:P2041{URIRef},s:Q9439-256CED8C-BA43-422A-927C-25FD78EB3065,p:P2041{URIRef}
p:P21{URIRef},s:Q9439-9C094165-C7FB-4109-8F6B-9585C8EC1378,p:P21{URIRef}
p:P213{URIRef},s:Q9439-39B806EC-9380-4FA2-BCE5-B2BBEA7BC294,p:P213{URIRef}
p:P214{URIRef},s:q9439-6519DFFA-25D3-449D-9EC7-B51677ADED18,p:P214{URIRef}
p:P2163{URIRef},s:Q9439-A4FE5EC3-71F6-41DE-A294-59B088F4BFAE,p:P2163{URIRef}
p:P22{URIRef},s:q9439-D1D49D54-570C-4A3D-B27B-71B6D381D79B,p:P22{URIRef}
p:P227{URIRef},s:q9439-769A87B0-8DFE-49FD-ADD0-29BE1651D543,p:P227{URIRef}
p:P2354{URIRef},s:Q9439-4a9f8600-46fb-481b-503a-139b13bca235,p:P2354{URIRef}
p:P244{URIRef},s:q9439-DA8EF118-AE67-422C-940A-8F7CC3B7C683,p:P244{URIRef}
p:P245{URIRef},s:Q9439-F00EFA94-BCBB-4116-893E-E424A0D55C4F,p:P245{URIRef}
p:P25{URIRef},s:q9439-7B80DF1F-A7F4-49D5-B059-D6C5339BB056,p:P25{URIRef}
p:P2533{URIRef},s:Q9439-748BF6D0-9557-468D-95B0-4C93805A77D6,p:P2533{URIRef}
p:P26{URIRef},s:q9439-5630D91A-2415-45DA-B436-2BB61C37A4BA,p:P26{URIRef}
p:P2600{URIRef},s:Q9439-cbfac7e2-4393-acb7-ccd3-c9bff86909ca,p:P2600{URIRef}
p:P268{URIRef},s:Q9439-97fb8197-4a35-7e21-4b83-c762aacc657b,p:P268{URIRef}
p:P269{URIRef},s:Q9439-6A9549B1-7A21-4A94-8D71-084F338765E5,p:P269{URIRef}
p:P27{URIRef},s:Q9439-4808440C-5964-4B18-A3A0-20E92B66269E,p:P27{URIRef}
p:P271{URIRef},s:q9439-19c1f7f9-49c5-b436-c853-16a8475b4847,p:P271{URIRef}
p:P2843{URIRef},s:Q9439-0C7D7318-39B1-4324-8279-598336C3790A,p:P2843{URIRef}
p:P2889{URIRef},s:Q9439-5fc56a39-4071-a17b-3165-2b2f66e10f11,p:P2889{URIRef}
p:P2914{URIRef},s:Q9439-893691A8-9B3C-4903-AA0E-89E11534457E,p:P2914{URIRef}
p:P2924{URIRef},s:Q9439-AFA1FA63-AC42-454E-90F4-DAD204631797,p:P2924{URIRef}
p:P2949{URIRef},s:Q9439-b9b8eb84-439c-82b1-5647-05b57e06bfb4,p:P2949{URIRef}
p:P2950{URIRef},s:Q9439-71165CFF-7E2D-4035-8ECD-372BF59665C7,p:P2950{URIRef}
p:P2966{URIRef}[0],s:Q9439-072D2AED-04B2-4E08-8793-248F7B3D889B,p:P2966{URIRef}[0]
p:P2966{URIRef}[1],s:Q9439-2852BE94-47E0-4677-B566-90CF03C6E87A,p:P2966{URIRef}[1]
p:P2966{URIRef}[2],s:Q9439-52D5CD12-0AEA-450C-987A-83CE87B40F71,p:P2966{URIRef}[2]
p:P2966{URIRef}[3],s:Q9439-68C6C57B-09E2-4F0F-9F57-1851DD593FC7,p:P2966{URIRef}[3]
p:P2966{URIRef}[4],s:Q9439-6A433079-6DD6-4BBA-A992-A4ADE6A42FA8,p:P2966{URIRef}[4]
p:P2966{URIRef}[5],s:Q9439-71EA40E7-272D-4E6E-81C8-DBFD1E4C267C,p:P2966{URIRef}[5]
p:P2966{URIRef}[6],s:Q9439-78AB6146-117F-45E9-8D3B-7D29FE40DECB,p:P2966{URIRef}[6]
p:P2966{URIRef}[7],s:Q9439-90D73D47-A77F-459B-80F3-E6C6B951AC31,p:P2966{URIRef}[7]
p:P2966{URIRef}[8],s:Q9439-B6E21AA3-27F9-4673-930E-8579C928240A,p:P2966{URIRef}[8]
p:P2966{URIRef}[9],s:Q9439-C59AAF26-9F1F-465C-B0E9-984568792638,p:P2966{URIRef}[9]
p:P2966{URIRef}[10],s:Q9439-CB2BAFE7-7D19-4756-8ECD-C6987546E231,p:P2966{URIRef}[10]
p:P2966{URIRef}[11],s:Q9439-D7E48C5C-D3BD-49A1-8C5D-883B4BEFB650,p:P2966{URIRef}[11]
p:P2966{URIRef}[12],s:Q9439-DEF66667-165F-4AF5-A97B-E1DEFEA35084,p:P2966{URIRef}[12]
p:P2977{URIRef},s:Q9439-0C1952BE-911C-4C89-B9AE-C20FBDA4AD6B,p:P2977{URIRef}
p:P3029{URIRef},s:Q9439-D2DA8262-18F9-4761-BE61-393D46A3E8F7,p:P3029{URIRef}
p:P3051{URIRef},s:Q9439-4546064F-115E-4D92-9CDE-81E92A72065D,p:P3051{URIRef}
p:P31{URIRef},s:Q9439-6D414FB3-EE64-473E-89FD-08FF7E63FE2F,p:P31{URIRef}
p:P3219{URIRef},s:Q9439-15FBEB91-0FC7-48E1-AAE3-F6B5B413AB95,p:P3219{URIRef}
p:P3222{URIRef},s:Q9439-5dc444f0-4259-28f6-cd71-abfa529cc90b,p:P3222{URIRef}
p:P3280{URIRef},s:q9439-95188728-4a98-2c77-9c02-2a65aefed483,p:P3280{URIRef}
p:P3348{URIRef},s:Q9439-7BD4D573-2298-4C07-A02E-9542EB8A0C14,p:P3348{URIRef}
p:P3365{URIRef},s:Q9439-5b26a1ae-42a9-917c-6526-aab8b19d609d,p:P3365{URIRef}
p:P3368{URIRef},s:Q9439-F35B2B9B-BB1E-4BD5-9C8A-431B7DE32F8E,p:P3368{URIRef}
p:P3373{URIRef}[0],s:Q9439-1CD09EFD-5FEE-4427-BA55-AB44589BBDD5,p:P3373{URIRef}[0]
p:P3373{URIRef}[1],s:Q9439-FE17ADFE-84EA-4B9C-A6EA-D133A4D803E7,p:P3373{URIRef}[1]
p:P3417{URIRef},s:Q9439-5FB2738B-CFA0-445F-8F47-DF1534C311D6,p:P3417{URIRef}
p:P3430{URIRef}[0],s:Q9439-3FDC5ADC-A3CE-4505-B457-D0F7FB02330F,p:P3430{URIRef}[0]
p:P3430{URIRef}[1],s:Q9439-7D856711-844B-42C7-B2A1-0C36880B5150,p:P3430{URIRef}[1]
p:P345{URIRef}[0],s:Q9439-5C6F0D8E-4B8C-4D3A-9570-D291BD55C415,p:P345{URIRef}[0]
p:P345{URIRef}[1],s:Q9439-91fd6385-4499-039f-9e18-274a4e4ee3c3,p:P345{URIRef}[1]
p:P349{URIRef},s:q9439-31EFB77C-6510-43B9-A6EC-35F6BA2E91DF,p:P349{URIRef}
p:P3544{URIRef},s:Q9439-35271F41-E25C-4199-B46F-BCDD4DD07C96,p:P3544{URIRef}
p:P361{URIRef},s:Q9439-2CA0B41B-BDE6-4965-86D4-1A1A103DF32F,p:P361{URIRef}
p:P373{URIRef},s:q9439-AFB1FF05-11A2-4D35-87A2-514BCD214596,p:P373{URIRef}
p:P3762{URIRef},s:Q9439-3CAA90C8-0316-430F-8A82-2F4FB73922E8,p:P3762{URIRef}
p:P3782{URIRef},s:Q9439-2D94BC17-EDFE-4E02-A6AF-7432FDEEC4DC,p:P3782{URIRef}
p:P39{URIRef}[0],s:Q9439-1889ee3f-49aa-b2e0-a3d8-0e1fa387031d,p:P39{URIRef}[0]
p:P39{URIRef}[1],s:Q9439-b824fbfa-4fbb-9041-4048-656028d9b3a4,p:P39{URIRef}[1]
p:P396{URIRef},s:Q9439-B3403EFA-D627-4EF2-AAF8-F2D3338B7786,p:P396{URIRef}
p:P40{URIRef}[0],s:q9439-23EC5691-4CA8-45B1-BC20-780DC477B100,p:P40{URIRef}[0]
p:P40{URIRef}[1],s:q9439-43F33CEA-73B3-4836-A2D0-FFC0F31DDB77,p:P40{URIRef}[1]
p:P40{URIRef}[2],s:q9439-6343D41F-9B73-4639-9272-C984EA9BFF30,p:P40{URIRef}[2]
p:P40{URIRef}[3],s:q9439-6F108FFF-5359-4AB4-BB35-EFC3BA806304,p:P40{URIRef}[3]
p:P40{URIRef}[4],s:q9439-724B3F0E-CB7B-4008-AA5B-AB4A1BAF870E,p:P40{URIRef}[4]
p:P40{URIRef}[5],s:q9439-7B34FE1E-4E72-4F86-B756-BF2CEE06BC8E,p:P40{URIRef}[5]
p:P40{URIRef}[6],s:q9439-971DF665-F5B3-4DAC-B37F-DA09D6843C4C,p:P40{URIRef}[6]
p:P40{URIRef}[7],s:q9439-C4C1C436-ABDE-40AF-9F25-811F1467EE3E,p:P40{URIRef}[7]
p:P40{URIRef}[8],s:q9439-D802F91A-EE77-49D1-AAE8-8260BC0A2A08,p:P40{URIRef}[8]
p:P409{URIRef},s:Q9439-08889830-F1F6-4529-88A9-0AC93DA6409E,p:P409{URIRef}
p:P4145{URIRef},s:Q9439-04F3C2A1-C72C-4A2F-BED1-6DF3265EEFFB,p:P4145{URIRef}
p:P4159{URIRef},s:Q9439-6DD2CB1E-45B6-4E6E-8A88-19A8B880348C,p:P4159{URIRef}
p:P4169{URIRef},s:Q9439-37C66D9B-D572-4F5D-AF12-DC9F00DA3FC8,p:P4169{URIRef}
p:P4200{URIRef},s:Q9439-71297985-8832-4D58-8EA9-33B0E840F16F,p:P4200{URIRef}
p:P4223{URIRef},s:Q9439-8ff42ec7-4972-886e-e1f9-968560c713f2,p:P4223{URIRef}
p:P4293{URIRef},s:Q9439-DC3A0756-2CED-4475-AABA-5593D22203BA,p:P4293{URIRef}
p:P434{URIRef},s:Q9439-60CEBF54-01B4-47B5-B4DB-4C0F1CB3499D,p:P434{URIRef}
p:P4342{URIRef},s:Q9439-f91c5773-49cf-11e0-96de-752f5da51fe7,p:P4342{URIRef}
p:P4539{URIRef},s:Q9439-1142E98B-5ADF-485B-BCE7-345C096BEC7D,p:P4539{URIRef}
p:P4553{URIRef},s:Q9439-E2C37893-FC2D-4E45-B0F6-F75676957B3B,p:P4553{URIRef}
p:P4629{URIRef},s:Q9439-FC75071C-3029-43AE-983A-DB18F15D4481,p:P4629{URIRef}
p:P463{URIRef},s:q9439-16AB5A02-89E7-4F17-835A-896D2354FC2D,p:P463{URIRef}
p:P4638{URIRef},s:Q9439-EAEF5093-83D0-42C5-A7ED-2CEA921DB926,p:P4638{URIRef}
p:P4808{URIRef},s:Q9439-6C23C6FE-5A63-457B-B72D-2C8E84102457,p:P4808{URIRef}
p:P485{URIRef},s:Q9439-2AE62B82-7B88-415C-9EDB-D58D9B0F0136,p:P485{URIRef}
p:P4985{URIRef},s:Q9439-7C2489C8-45CD-495E-AD37-AEF3BEC7B0BB,p:P4985{URIRef}
p:P5008{URIRef},s:Q9439-1D08B4D2-495F-4CF0-A86A-064E3DEC64A4,p:P5008{URIRef}
p:P5019{URIRef},s:Q9439-8CACC2CB-0446-4CD5-98E7-E47DB7448244,p:P5019{URIRef}
p:P5034{URIRef},s:Q9439-01a2f2a8-5fa6-4155-b991-caf7c71d89c1,p:P5034{URIRef}
p:P5063{URIRef},s:Q9439-29356483-9192-46CC-8F96-5F7C6A12B473,p:P5063{URIRef}
p:P509{URIRef},s:Q9439-23BA6716-9BC4-47E0-BA74-C64DB6A084F3,p:P509{URIRef}
p:P511{URIRef}[0],s:Q9439-1ae2e93c-4c95-9975-8dc4-a3d0d8854a3c,p:P511{URIRef}[0]
p:P511{URIRef}[1],s:Q9439-cea431f9-4cc2-c088-4139-6c235477407d,p:P511{URIRef}[1]
p:P5298{URIRef},s:Q9439-973210AF-C635-4F9C-B54F-44555B2A54AF,p:P5298{URIRef}
p:P53{URIRef},s:Q9439-8cc84468-4517-88fc-afbf-dd583a70d18f,p:P53{URIRef}
p:P535{URIRef},s:Q9439-c7a92d22-4733-7fb9-6268-684e6be6e1f2,p:P535{URIRef}
p:P5395{URIRef},s:Q9439-DC0F2FCD-8EF0-4C6E-93A0-E777ADECED75,p:P5395{URIRef}
p:P5421{URIRef},s:Q9439-9B564410-1D0F-43C0-B2F9-7C03DDACDDCF,p:P5421{URIRef}
p:P5504{URIRef},s:Q9439-3BC58ADA-EF08-4C64-B146-B3CFA6F5CF14,p:P5504{URIRef}
p:P551{URIRef}[0],s:Q9439-14d5552f-482d-ace3-d87e-a7b897319217,p:P551{URIRef}[0]
p:P551{URIRef}[1],s:Q9439-38d662be-4ba9-2941-8e16-7207afd3c8b6,p:P551{URIRef}[1]
p:P551{URIRef}[2],s:Q9439-585AEC41-36CA-4609-A0E2-96833A3BAD1C,p:P551{URIRef}[2]
p:P551{URIRef}[3],s:Q9439-9e1d871e-49e5-5487-e061-9baf619c81d1,p:P551{URIRef}[3]
p:P5587{URIRef},s:Q9439-41ABE530-C1DD-44D3-B201-A43C167AADA5,p:P5587{URIRef}
p:P569{URIRef},s:q9439-37A1316B-9914-4C37-8181-B4CA03EC3BF2,p:P569{URIRef}
p:P570{URIRef},s:q9439-675D5C03-A280-4BC5-B6C0-FDE1AA0E9D2C,p:P570{URIRef}
p:P5731{URIRef},s:Q9439-CB081739-57A3-47C7-A35B-B965B891FB24,p:P5731{URIRef}
p:P5905{URIRef},s:Q9439-45DA1706-D76D-4152-B3C0-BACBBB1FCA03,p:P5905{URIRef}
p:P6379{URIRef}[0],s:Q9439-08B0E099-328F-4BD5-866D-049C9292B078,p:P6379{URIRef}[0]
p:P6379{URIRef}[1],s:Q9439-ADEBF189-455E-4FCD-8B19-367BEA52DC2A,p:P6379{URIRef}[1]
p:P6379{URIRef}[2],s:Q9439-F76A777B-96A9-438B-AC01-B82E5D49635B,p:P6379{URIRef}[2]
p:P6379{URIRef}[3],s:Q9439-F831FFBB-D0C5-4AB0-A0B7-774BBD0EF175,p:P6379{URIRef}[3]
p:P6385{URIRef},s:Q9439-10309999-488d-8b4b-ce95-e33464345ca1,p:P6385{URIRef}
p:P6394{URIRef},s:q9439-dd4a5fa4-4f71-b09c-bb03-9bb245b876b8,p:P6394{URIRef}
p:P6404{URIRef},s:Q9439-9B1935D2-4C46-4138-82E8-686C8A79599B,p:P6404{URIRef}
p:P646{URIRef},s:Q9439-73345F31-3AC8-433D-B383-D127E4BE4E5C,p:P646{URIRef}
p:P648{URIRef},s:Q9439-EEF4167E-0EC3-484E-90AC-57E1214AD45E,p:P648{URIRef}
p:P650{URIRef},s:Q9439-292E815A-CFE6-416D-A2EC-F45F35E3729B,p:P650{URIRef}
p:P6578{URIRef},s:Q9439-6620D800-59F7-4DFC-A649-C2FF2CD6C589,p:P6578{URIRef}
p:P6698{URIRef},s:Q9439-AEAF10CF-CBA2-4472-90DA-0BEB3EDC291C,p:P6698{URIRef}
p:P6706{URIRef},s:Q9439-278F913E-279B-499D-985B-AF6C22415EC6,p:P6706{URIRef}
p:P6722{URIRef},s:Q9439-8408C6B1-F760-441D-BFAD-218DD0801ABD,p:P6722{URIRef}
p:P6745{URIRef},s:Q9439-DDA47E37-56D7-468D-B25B-842EF21513B8,p:P6745{URIRef}
p:P6821{URIRef},s:Q9439-01D2833C-D576-41C1-9DC6-0E7C39339CF8,p:P6821{URIRef}
p:P6886{URIRef},s:Q9439-29661778-0904-4FAB-ABFF-1BF0DA051CEB,p:P6886{URIRef}
p:P691{URIRef},s:q9439-8D8454F7-4BF1-46F8-B81F-D1E6F66C9701,p:P691{URIRef}
p:P7029{URIRef},s:q9439-1c992820-480d-2719-6289-bffc6fb436ee,p:P7029{URIRef}
p:P7293{URIRef},s:Q9439-DE825104-C563-40A9-94F3-2EDFC1A9559C,p:P7293{URIRef}
p:P7305{URIRef},s:Q9439-6FFE19F7-13D0-46F4-8322-85C638863DFC,p:P7305{URIRef}
p:P7349{URIRef},s:Q9439-74128F2C-20DF-4321-A312-F478AE378D81,p:P7349{URIRef}
p:P735{URIRef}[0],s:Q9439-7c05c619-4b14-9b62-9ed9-ab3b45947390,p:P735{URIRef}[0]
p:P735{URIRef}[1],s:Q9439-de08a1c7-4f6f-a50f-2baa-1d395f5c6e85,p:P735{URIRef}[1]
p:P7369{URIRef},s:q9439-a20fa893-40a3-c751-1ceb-e0f2152bb719,p:P7369{URIRef}
p:P7444{URIRef},s:Q9439-8F68BF02-E6F7-46B4-B5AF-6AD020AD1CFF,p:P7444{URIRef}
p:P7578{URIRef},s:Q9439-E0DC9905-75D9-47AA-8E5D-357056AE6803,p:P7578{URIRef}
p:P7699{URIRef},s:q9439-b8c09209-4ad4-4105-8607-9d27f98b6860,p:P7699{URIRef}
p:P7763{URIRef},s:Q9439-bd95710d-56fa-4857-a0dd-966e823d78f1,p:P7763{URIRef}
p:P7848{URIRef},s:Q9439-31F99FE9-156B-4C10-B254-EB67FE12C7A3,p:P7848{URIRef}
p:P7859{URIRef},s:Q9439-EB06C977-37B2-44CF-BE68-A90FCBFFB5E1,p:P7859{URIRef}
p:P7902{URIRef},s:Q9439-DA562254-BCE0-4DB2-BA68-898DAAFD7837,p:P7902{URIRef}
p:P793{URIRef},s:Q9439-4296aaef-4ea6-f426-2295-f20c62e9c539,p:P793{URIRef}
p:P7982{URIRef},s:Q9439-B13668D4-373D-4C74-A9E2-D7698D8DC13F,p:P7982{URIRef}
p:P8034{URIRef},s:Q9439-0BA854EB-02F5-4875-92FB-13CC98B94C46,p:P8034{URIRef}
p:P8050{URIRef},s:Q9439-9B73873E-7E12-4B16-A1FD-BEC8859AD941,p:P8050{URIRef}
p:P8168{URIRef},s:Q9439-521023CC-F80C-41A4-939E-563C6317FAD7,p:P8168{URIRef}
p:P8172{URIRef},s:Q9439-B95F966A-F001-4D55-B2BF-5E4F6B2DE2B6,p:P8172{URIRef}
p:P8179{URIRef},s:q9439-c3baa311-4084-9c85-1df2-90aee63bbcb7,p:P8179{URIRef}
p:P8189{URIRef},s:Q9439-41C6E995-7727-4013-A5F6-F24204DFF5E8,p:P8189{URIRef}
p:P8313{URIRef},s:Q9439-ED58F352-D04C-482E-8FAD-EB36871E61B3,p:P8313{URIRef}
p:P8317{URIRef},s:Q9439-8DD0DF27-1D0C-4302-9C47-5153286E905C,p:P8317{URIRef}
p:P8408{URIRef},s:Q9439-E03C9FF2-4012-40BD-9C04-9DA9B4353599,p:P8408{URIRef}
p:P85{URIRef},s:Q9439-8485AA09-3142-4BFF-A9CB-71B68D32079E,p:P85{URIRef}
p:P8589{URIRef},s:Q9439-D5CA5433-EE2A-475F-9C14-EDDA4132606D,p:P8589{URIRef}
p:P8750{URIRef},s:Q9439-FA1BECAE-86D6-4348-BA51-427418A97241,p:P8750{URIRef}
p:P8783{URIRef},s:Q9439-A0659697-C6E4-40EE-AAAA-C84B363F708A,p:P8783{URIRef}
p:P8795{URIRef},s:Q9439-111D0835-0C14-47B8-8F50-1999354213C6,p:P8795{URIRef}
p:P8814{URIRef},s:Q9439-4A06E8C0-F204-45CC-9412-5D956C6008BA,p:P8814{URIRef}
p:P8826{URIRef},s:Q9439-7C08415D-0188-450F-A6E4-A5C0339D282E,p:P8826{URIRef}
p:P8851{URIRef},s:Q9439-073C38DB-E8C6-4C2C-821E-874791FF0DDB,p:P8851{URIRef}
p:P8902{URIRef},s:Q9439-3867D0BD-4467-4B78-8920-57A5C4E3C199,p:P8902{URIRef}
p:P8947{URIRef},s:Q9439-4923D1BA-F161-4DEF-9042-CAB7F5817290,p:P8947{URIRef}
p:P8980{URIRef},s:Q9439-4D61EB4C-63B2-4A95-9CF4-88FE90FB6964,p:P8980{URIRef}
p:P9037{URIRef},s:Q9439-9237F11C-55E6-4D9A-8D8F-1203EAA0BCE0,p:P9037{URIRef}
p:P906{URIRef},s:Q9439-EC1983BA-0863-401D-8AA5-D59D9A96475B,p:P906{URIRef}
p:P910{URIRef},s:Q9439-E5904F06-D52D-4E3D-BCA4-26F930025733,p:P910{URIRef}
p:P9223{URIRef},s:Q9439-3898865E-0D50-45DF-A837-78019A61097D,p:P9223{URIRef}
p:P935{URIRef},s:Q9439-9210856C-3D05-446D-849C-E35F0D21D457,p:P935{URIRef}
p:P9371{URIRef},s:Q9439-114EF95F-AE3B-45F9-B18A-DC52C41E315A,p:P9371{URIRef}
p:P94{URIRef},s:Q9439-d7a46ecf-41bb-d371-fe21-691cb14525cb,p:P94{URIRef}
p:P949{URIRef},s:Q9439-F3E525BB-4E5C-491A-8E97-17891BB291E9,p:P949{URIRef}
p:P9493{URIRef},s:Q9439-01FFB6D3-7F99-4079-8B9E-F5D5D1795922,p:P9493{URIRef}
p:P9495{URIRef},s:Q9439-A96AB80C-AE78-4DA4-9509-59F97C316066,p:P9495{URIRef}
p:P950{URIRef},s:Q9439-28BCE81B-DFF3-4001-AB87-8A221421E768,p:P950{URIRef}
p:P9534{URIRef},s:Q9439-E1B060F9-594A-417E-814B-E4C7B16994DF,p:P9534{URIRef}
p:P97{URIRef}[0],s:Q9439-20748231-AFBB-4847-B290-9245086A471A,p:P97{URIRef}[0]
p:P97{URIRef}[1],s:Q9439-8c4219ea-7051-471e-a56f-b5088bd7d3ec,p:P97{URIRef}[1]
p:P97{URIRef}[2],s:Q9439-9cb88e5e-4f3d-c995-73c2-5bf44b51ed96,p:P97{URIRef}[2]
p:P989{URIRef},s:Q9439-2FF52A26-ACF8-48D6-910A-460AA8249B6A,p:P989{URIRef}
p:P9943{URIRef},s:Q9439-CC2F2461-8277-4440-AE05-2B940B13DFA7,p:P9943{URIRef}
p:P9984{URIRef},s:Q9439-C00B2257-C0C3-4D49-8375-D1F655CF43D8,p:P9984{URIRef}
wdtn:P1006{URIRef},http://data.bibliotheken.nl/id/thes/p070185115,wdtn:P1006{URIRef}
wdtn:P1260{URIRef},http://kulturarvsdata.se/LSH/agents/31574,wdtn:P1260{URIRef}
wdtn:P1617{URIRef},http://www.bbc.co.uk/things/1efbf3e5-b330-49a1-b531-b507ab027c96#id,wdtn:P1617{URIRef}
wdtn:P1741{URIRef},http://data.beeldengeluid.nl/gtaa/165400,wdtn:P1741{URIRef}
wdtn:P1795{URIRef},http://edan.si.edu/saam/id/person-institution/5149,wdtn:P1795{URIRef}
wdtn:P1871{URIRef},http://thesaurus.cerl.org/record/cnp00396790,wdtn:P1871{URIRef}
wdtn:P1938{URIRef},http://www.gutenberg.org/ebooks/author/9035,wdtn:P1938{URIRef}
wdtn:P214{URIRef},http://viaf.org/viaf/95738652,wdtn:P214{URIRef}
wdtn:P2163{URIRef},http://id.worldcat.org/fast/31183,wdtn:P2163{URIRef}
wdtn:P227{URIRef},https://d-nb.info/gnd/118626876,wdtn:P227{URIRef}
wdtn:P244{URIRef},https://id.loc.gov/authorities/names/n79017983,wdtn:P244{URIRef}
wdtn:P245{URIRef},http://vocab.getty.edu/ulan/500022428,wdtn:P245{URIRef}
wdtn:P268{URIRef},http://data.bnf.fr/ark:/12148/cb11928202f#about,wdtn:P268{URIRef}
wdtn:P269{URIRef},http://www.idref.fr/027448207/id,wdtn:P269{URIRef}
wdtn:P2950{URIRef},http://nomisma.org/id/queen_victoria,wdtn:P2950{URIRef}
wdtn:P3348{URIRef},http://data.nlg.gr/resource/authority/record44766,wdtn:P3348{URIRef}
wdtn:P349{URIRef},http://id.ndl.go.jp/auth/ndlna/00621601,wdtn:P349{URIRef}
wdtn:P434{URIRef},http://musicbrainz.org/artist/7db5c493-38e5-41c7-9518-f3b8332a5ff7,wdtn:P434{URIRef}
wdtn:P5034{URIRef},http://lod.nl.go.kr/resource/KAC201620212,wdtn:P5034{URIRef}
wdtn:P5063{URIRef},http://globalwordnet.org/ili/i97297,wdtn:P5063{URIRef}
wdtn:P5504{URIRef},http://data.rism.info/id/rismid/pe30026818,wdtn:P5504{URIRef}
wdtn:P5587{URIRef},https://libris.kb.se/1zcfg5fk451525m,wdtn:P5587{URIRef}
wdtn:P646{URIRef},http://g.co/kg/m/0cw10,wdtn:P646{URIRef}
wdtn:P648{URIRef},http://openlibrary.org/works/OL343963A,wdtn:P648{URIRef}
wdtn:P650{URIRef},https://data.rkd.nl/artists/80887,wdtn:P650{URIRef}
wdtn:P6698{URIRef},https://jpsearch.go.jp/entity/chname/%E3%83%B4%E3%82%A3%E3%82%AF%E3%83%88%E3%83%AA%E3%82%A2%E5%A5%B3%E7%8E%8B,wdtn:P6698{URIRef}
wdtn:P6821{URIRef},http://www.alvin-portal.org/alvin/view.jsf?pid=alvin-person:20426,wdtn:P6821{URIRef}
wdtn:P7444{URIRef},https://id.rijksmuseum.nl/310118193,wdtn:P7444{URIRef}
wdtn:P8172{URIRef},https://www.sejm-wielki.pl/b/dw.8872,wdtn:P8172{URIRef}
wdtn:P8408{URIRef},http://kbpedia.org/kko/rc/QueenVictoria,wdtn:P8408{URIRef}
wdtn:P8980{URIRef},https://urn.fi/URN:NBN:fi:au:finaf:000120100,wdtn:P8980{URIRef}
wdtn:P906{URIRef},http://libris.kb.se/resource/auth/205997,wdtn:P906{URIRef}
wdtn:P950{URIRef},http://datos.bne.es/resource/XX979643,wdtn:P950{URIRef}
wdt:P10018{Literal},91768,wdt:P10018{Literal}
wdt:P1006{Literal},070185115,wdt:P1006{Literal}
wdt:P10242{Literal},05975/eu_v_0333/v0333,wdt:P10242{Literal}
wdt:P10297{Literal},m0cw10,wdt:P10297{Literal}
wdt:P1038{URIRef},wd:Q7421624,wdt:P1038{URIRef}
wdt:P1050{URIRef},wd:Q134003,wdt:P1050{URIRef}
wdt:P106{URIRef},wd:Q116,wdt:P106{URIRef}
wdt:P1066{URIRef},wd:Q477681,wdt:P1066{URIRef}
wdt:P109{URIRef},http://commons.wikimedia.org/wiki/Special:FilePath/Queen%20Victoria%20Signature.svg,wdt:P109{URIRef}
wdt:P119{URIRef},wd:Q17530160,wdt:P119{URIRef}
wdt:P1196{URIRef},wd:Q3739104,wdt:P1196{URIRef}
wdt:P1207{Literal},n94207665,wdt:P1207{Literal}
wdt:P1225{Literal},10582813,wdt:P1225{Literal}
wdt:P1260{Literal},LSH/agents/31574,wdt:P1260{Literal}
wdt:P1263{Literal},575/000024503,wdt:P1263{Literal}
wdt:P1273{Literal},a11252959,wdt:P1273{Literal}
wdt:P1280{Literal},313692771,wdt:P1280{Literal}
wdt:P1290{URIRef}[0],wd:Q130586,wdt:P1290{URIRef}[0]
wdt:P1290{URIRef}[1],wd:Q15193,wdt:P1290{URIRef}[1]
wdt:P1290{URIRef}[2],wd:Q57536,wdt:P1290{URIRef}[2]
wdt:P1290{URIRef}[3],wd:Q61489,wdt:P1290{URIRef}[3]
wdt:P1299{URIRef},wd:Q28050760,wdt:P1299{URIRef}
wdt:P1309{Literal},vtls001038269,wdt:P1309{Literal}
wdt:P1315{Literal},1002991,wdt:P1315{Literal}
wdt:P1343{URIRef}[0],wd:Q105802405,wdt:P1343{URIRef}[0]
wdt:P1343{URIRef}[1],wd:Q106727050,wdt:P1343{URIRef}[1]
wdt:P1343{URIRef}[2],wd:Q16014700,wdt:P1343{URIRef}[2]
wdt:P1343{URIRef}[3],wd:Q19098835,wdt:P1343{URIRef}[3]
wdt:P1343{URIRef}[4],wd:Q46002746,wdt:P1343{URIRef}[4]
wdt:P1343{URIRef}[5],wd:Q602358,wdt:P1343{URIRef}[5]
wdt:P1343{URIRef}[6],wd:Q67311526,wdt:P1343{URIRef}[6]
wdt:P1368{Literal},000102956,wdt:P1368{Literal}
wdt:P1375{Literal},000432838,wdt:P1375{Literal}
wdt:P138{URIRef}[0],wd:Q15193,wdt:P138{URIRef}[0]
wdt:P138{URIRef}[1],wd:Q58067,wdt:P138{URIRef}[1]
wdt:P140{URIRef},wd:Q6423963,wdt:P140{URIRef}
wdt:P1412{URIRef}[0],wd:Q150,wdt:P1412{URIRef}[0]
wdt:P1412{URIRef}[1],wd:Q1860,wdt:P1412{URIRef}[1]
wdt:P1412{URIRef}[2],wd:Q188,wdt:P1412{URIRef}[2]
wdt:P1412{URIRef}[3],wd:Q397,wdt:P1412{URIRef}[3]
wdt:P1412{URIRef}[4],wd:Q652,wdt:P1412{URIRef}[4]
wdt:P1415{Literal},36652,wdt:P1415{Literal}
wdt:P1417{Literal},biography/Victoria-queen-of-United-Kingdom,wdt:P1417{Literal}
wdt:P1424{URIRef},wd:Q61387974,wdt:P1424{URIRef}
wdt:P1430{Literal}[0],16297,wdt:P1430{Literal}[0]
wdt:P1430{Literal}[1],227,wdt:P1430{Literal}[1]
wdt:P1441{URIRef},wd:Q24050047,wdt:P1441{URIRef}
wdt:P1442{URIRef},http://commons.wikimedia.org/wiki/Special:FilePath/Tomb%20of%20Queen%20Victoria%20and%20Prince%20Albert.jpg,wdt:P1442{URIRef}
wdt:P1472{Literal},Victoria of the United Kingdom,wdt:P1472{Literal}
wdt:P1477{Literal}@en,Princess Alexandrina Victoria of Kent,wdt:P1477{Literal}@en
wdt:P1543{URIRef},http://commons.wikimedia.org/wiki/Special:FilePath/Royal%20Monogram%20of%20Queen%20Victoria%20of%20Great%20Britain.svg,wdt:P1543{URIRef}
wdt:P1559{Literal}[0]@en,Alexandrina Victoria,wdt:P1559{Literal}[0]@en
wdt:P1559{Literal}[1]@en,Victoria,wdt:P1559{Literal}[1]@en
wdt:P1580{Literal},a1181780,wdt:P1580{Literal}
wdt:P1617{Literal},1efbf3e5-b330-49a1-b531-b507ab027c96,wdt:P1617{Literal}
wdt:P1636{Literal}(xsd:dateTime),1819-06-24T00:00:00+00:00,wdt:P1636{Literal}(xsd:dateTime)
wdt:P166{URIRef}[0],wd:Q1326038,wdt:P166{URIRef}[0]
wdt:P166{URIRef}[1],wd:Q1330936,wdt:P166{URIRef}[1]
wdt:P166{URIRef}[2],wd:Q1465984,wdt:P166{URIRef}[2]
wdt:P166{URIRef}[3],wd:Q1635106,wdt:P166{URIRef}[3]
wdt:P166{URIRef}[4],wd:Q1796163,wdt:P166{URIRef}[4]
wdt:P166{URIRef}[5],wd:Q215248,wdt:P166{URIRef}[5]
wdt:P166{URIRef}[6],wd:Q2794660,wdt:P166{URIRef}[6]
wdt:P166{URIRef}[7],wd:Q4710826,wdt:P166{URIRef}[7]
wdt:P166{URIRef}[8],wd:Q512272,wdt:P166{URIRef}[8]
wdt:P166{URIRef}[9],wd:Q721030,wdt:P166{URIRef}[9]
wdt:P166{URIRef}[10],wd:Q93710,wdt:P166{URIRef}[10]
wdt:P166{URIRef}[11],wd:Q94056,wdt:P166{URIRef}[11]
wdt:P166{URIRef}[12],wd:Q94145,wdt:P166{URIRef}[12]
wdt:P1695{Literal},A11830955,wdt:P1695{Literal}
wdt:P1711{Literal},49731,wdt:P1711{Literal}
wdt:P1741{Literal},165400,wdt:P1741{Literal}
wdt:P1795{Literal},5149,wdt:P1795{Literal}
wdt:P18{URIRef},http://commons.wikimedia.org/wiki/Special:FilePath/Queen%20Victoria%20by%20Bassano.jpg,wdt:P18{URIRef}
wdt:P1816{Literal},mp04634,wdt:P1816{Literal}
wdt:P1819{Literal},I00000007,wdt:P1819{Literal}
wdt:P1830{URIRef}[0],wd:Q1171851,wdt:P1830{URIRef}[0]
wdt:P1830{URIRef}[1],wd:Q15181222,wdt:P1830{URIRef}[1]
wdt:P1830{URIRef}[2],wd:Q7270530,wdt:P1830{URIRef}[2]
wdt:P1830{URIRef}[3],wd:Q935116,wdt:P1830{URIRef}[3]
wdt:P1871{Literal},cnp00396790,wdt:P1871{Literal}
wdt:P1899{Literal},3622,wdt:P1899{Literal}
wdt:P19{URIRef},wd:Q207385,wdt:P19{URIRef}
wdt:P1938{Literal},9035,wdt:P1938{Literal}
wdt:P20{URIRef},wd:Q565155,wdt:P20{URIRef}
wdt:P2011{Literal},18042969,wdt:P2011{Literal}
wdt:P2041{Literal},6883,wdt:P2041{Literal}
wdt:P21{URIRef},wd:Q6581072,wdt:P21{URIRef}
wdt:P213{Literal},0000 0001 2144 3562,wdt:P213{Literal}
wdt:P214{Literal},95738652,wdt:P214{Literal}
wdt:P2163{Literal},31183,wdt:P2163{Literal}
wdt:P22{URIRef},wd:Q157009,wdt:P22{URIRef}
wdt:P227{Literal},118626876,wdt:P227{Literal}
wdt:P2354{URIRef},wd:Q6643379,wdt:P2354{URIRef}
wdt:P244{Literal},n79017983,wdt:P244{Literal}
wdt:P245{Literal},500022428,wdt:P245{Literal}
wdt:P25{URIRef},wd:Q58067,wdt:P25{URIRef}
wdt:P2533{Literal},57ab5323-f473-44ea-ba9d-b568ee58b6af,wdt:P2533{Literal}
wdt:P26{URIRef},wd:Q152245,wdt:P26{URIRef}
wdt:P2600{Literal},6000000008852088113,wdt:P2600{Literal}
wdt:P268{Literal},11928202f,wdt:P268{Literal}
wdt:P269{Literal},027448207,wdt:P269{Literal}
wdt:P27{URIRef},wd:Q174193,wdt:P27{URIRef}
wdt:P271{Literal},DA01723604,wdt:P271{Literal}
wdt:P2843{Literal},B00190726,wdt:P2843{Literal}
wdt:P2889{Literal},L1S2-QT6,wdt:P2889{Literal}
wdt:P2914{Literal},msib7_1207144285,wdt:P2914{Literal}
wdt:P2924{Literal},1913662,wdt:P2924{Literal}
wdt:P2949{Literal},Hanover-230,wdt:P2949{Literal}
wdt:P2950{Literal},queen_victoria,wdt:P2950{Literal}
wdt:P2966{Literal}[0],victoria-queen-of-great-britain-1819-1901,wdt:P2966{Literal}[0]
wdt:P2966{Literal}[1],victoria-queen-of-great-britain-1819-1902,wdt:P2966{Literal}[1]
wdt:P2977{Literal},QuVictoria,wdt:P2977{Literal}
wdt:P3029{Literal},F65350,wdt:P3029{Literal}
wdt:P3051{Literal},I3920,wdt:P3051{Literal}
wdt:P31{URIRef},wd:Q5,wdt:P31{URIRef}
wdt:P3219{Literal},victoria,wdt:P3219{Literal}
wdt:P3222{Literal},victoria-(1819-1901-drottning-av-storbrit),wdt:P3222{Literal}
wdt:P3280{Literal},0000036456,wdt:P3280{Literal}
wdt:P3348{Literal},44766,wdt:P3348{Literal}
wdt:P3365{Literal},vittoria-regina-del-regno-unito-di-gran-bretagna-e-irlanda-imperatrice-delle-indie,wdt:P3365{Literal}
wdt:P3368{Literal},1344003,wdt:P3368{Literal}
wdt:P3373{URIRef}[0],wd:Q60508,wdt:P3373{URIRef}[0]
wdt:P3373{URIRef}[1],wd:Q63076,wdt:P3373{URIRef}[1]
wdt:P3417{Literal},Queen-Victoria,wdt:P3417{Literal}
wdt:P3430{Literal}[0],w66n3wvb,wdt:P3430{Literal}[0]
wdt:P3430{Literal}[1],w66z0061,wdt:P3430{Literal}[1]
wdt:P345{Literal},nm0703075,wdt:P345{Literal}
wdt:P349{Literal},00621601,wdt:P349{Literal}
wdt:P3544{Literal},31936,wdt:P3544{Literal}
wdt:P361{URIRef},wd:Q63195788,wdt:P361{URIRef}
wdt:P373{Literal},Victoria of the United Kingdom,wdt:P373{Literal}
wdt:P3762{Literal},40795,wdt:P3762{Literal}
wdt:P3782{Literal},victoria-queen-of-england,wdt:P3782{Literal}
wdt:P39{URIRef}[0],wd:Q5352166,wdt:P39{URIRef}[0]
wdt:P39{URIRef}[1],wd:Q9134365,wdt:P39{URIRef}[1]
wdt:P396{Literal},RAVV056062,wdt:P396{Literal}
wdt:P40{URIRef}[0],wd:Q116728,wdt:P40{URIRef}[0]
wdt:P40{URIRef}[1],wd:Q155566,wdt:P40{URIRef}[1]
wdt:P40{URIRef}[2],wd:Q158140,wdt:P40{URIRef}[2]
wdt:P40{URIRef}[3],wd:Q158143,wdt:P40{URIRef}[3]
wdt:P40{URIRef}[4],wd:Q160539,wdt:P40{URIRef}[4]
wdt:P40{URIRef}[5],wd:Q160541,wdt:P40{URIRef}[5]
wdt:P40{URIRef}[6],wd:Q160558,wdt:P40{URIRef}[6]
wdt:P40{URIRef}[7],wd:Q161167,wdt:P40{URIRef}[7]
wdt:P40{URIRef}[8],wd:Q20875,wdt:P40{URIRef}[8]
wdt:P409{Literal},35581194,wdt:P409{Literal}
wdt:P4145{Literal},140,wdt:P4145{Literal}
wdt:P4159{Literal},Victoria_of_the_United_Kingdom_(1),wdt:P4159{Literal}
wdt:P4169{Literal},2260,wdt:P4169{Literal}
wdt:P4200{Literal},58694,wdt:P4200{Literal}
wdt:P4223{Literal},vittoria-regina-d-inghilterra,wdt:P4223{Literal}
wdt:P4293{Literal},pe/017802,wdt:P4293{Literal}
wdt:P434{Literal},7db5c493-38e5-41c7-9518-f3b8332a5ff7,wdt:P434{Literal}
wdt:P4342{Literal},Victoria_-_britisk_dronning,wdt:P4342{Literal}
wdt:P4539{Literal},9064,wdt:P4539{Literal}
wdt:P4553{Literal},8741,wdt:P4553{Literal}
wdt:P4629{Literal},"Victoria, Queen of Great Britain, 1819-1901",wdt:P4629{Literal}
wdt:P463{URIRef},wd:Q123885,wdt:P463{URIRef}
wdt:P4638{Literal},p10065.htm#i100648,wdt:P4638{Literal}
wdt:P4808{Literal},victoria-1,wdt:P4808{Literal}
wdt:P485{URIRef},wd:Q666063,wdt:P485{URIRef}
wdt:P4985{Literal},1127369,wdt:P4985{Literal}
wdt:P5008{URIRef},wd:Q104694359,wdt:P5008{URIRef}
wdt:P5019{Literal},viktoria-viktoria,wdt:P5019{Literal}
wdt:P5034{Literal},KAC201620212,wdt:P5034{Literal}
wdt:P5063{Literal},i97297,wdt:P5063{Literal}
wdt:P509{URIRef},wd:Q1368943,wdt:P509{URIRef}
wdt:P511{URIRef}[0],wd:Q1252328,wdt:P511{URIRef}[0]
wdt:P511{URIRef}[1],wd:Q669458,wdt:P511{URIRef}[1]
wdt:P5298{Literal},52360,wdt:P5298{Literal}
wdt:P53{URIRef},wd:Q157217,wdt:P53{URIRef}
wdt:P535{Literal},1442,wdt:P535{Literal}
wdt:P5395{Literal},victoria,wdt:P5395{Literal}
wdt:P5421{Literal},162220,wdt:P5421{Literal}
wdt:P5504{Literal},pe30026818,wdt:P5504{Literal}
wdt:P551{URIRef}[0],wd:Q207385,wdt:P551{URIRef}[0]
wdt:P551{URIRef}[1],wd:Q42182,wdt:P551{URIRef}[1]
wdt:P551{URIRef}[2],wd:Q42646,wdt:P551{URIRef}[2]
wdt:P551{URIRef}[3],wd:Q565155,wdt:P551{URIRef}[3]
wdt:P5587{Literal},1zcfg5fk451525m,wdt:P5587{Literal}
wdt:P569{Literal}(xsd:dateTime),1819-05-24T00:00:00+00:00,wdt:P569{Literal}(xsd:dateTime)
wdt:P570{Literal}(xsd:dateTime),1901-01-22T00:00:00+00:00,wdt:P570{Literal}(xsd:dateTime)
wdt:P5731{Literal},44598,wdt:P5731{Literal}
wdt:P5905{Literal},4005-30943,wdt:P5905{Literal}
wdt:P6379{URIRef}[0],wd:Q105027234,wdt:P6379{URIRef}[0]
wdt:P6379{URIRef}[1],wd:Q1192305,wdt:P6379{URIRef}[1]
wdt:P6379{URIRef}[2],wd:Q1464509,wdt:P6379{URIRef}[2]
wdt:P6379{URIRef}[3],wd:Q50632603,wdt:P6379{URIRef}[3]
wdt:P6385{Literal},istoriya/VIKTORIYA.html,wdt:P6385{Literal}
wdt:P6394{Literal},a11350684,wdt:P6394{Literal}
wdt:P6404{Literal},vittoria,wdt:P6404{Literal}
wdt:P646{Literal},/m/0cw10,wdt:P646{Literal}
wdt:P648{Literal},OL343963A,wdt:P648{Literal}
wdt:P650{Literal},80887,wdt:P650{Literal}
wdt:P6578{Literal},2F0ACF892E11BB76,wdt:P6578{Literal}
wdt:P6698{Literal},ヴィクトリア女王,wdt:P6698{Literal}
wdt:P6706{Literal},Vittòria+(regina+di+Gran+Bretagna),wdt:P6706{Literal}
wdt:P6722{Literal},27882,wdt:P6722{Literal}
wdt:P6745{Literal},victqu,wdt:P6745{Literal}
wdt:P6821{Literal},alvin-person:20426,wdt:P6821{Literal}
wdt:P6886{URIRef},wd:Q1860,wdt:P6886{URIRef}
wdt:P691{Literal},jn20000701900,wdt:P691{Literal}
wdt:P7029{Literal},77100151,wdt:P7029{Literal}
wdt:P7293{Literal},9810690096605606,wdt:P7293{Literal}
wdt:P7305{Literal},3996176,wdt:P7305{Literal}
wdt:P7349{Literal},1264,wdt:P7349{Literal}
wdt:P735{URIRef}[0],wd:Q16002474,wdt:P735{URIRef}[0]
wdt:P735{URIRef}[1],wd:Q590893,wdt:P735{URIRef}[1]
wdt:P7369{Literal},000039245,wdt:P7369{Literal}
wdt:P7444{Literal},118193,wdt:P7444{Literal}
wdt:P7578{Literal},victoria,wdt:P7578{Literal}
wdt:P7699{Literal},LNB:V*340191;=BE,wdt:P7699{Literal}
wdt:P7763{URIRef},wd:Q71887839,wdt:P7763{URIRef}
wdt:P7848{Literal},991003948859707141,wdt:P7848{Literal}
wdt:P7859{Literal},lccn-n79017983,wdt:P7859{Literal}
wdt:P7902{Literal},118626876,wdt:P7902{Literal}
wdt:P793{URIRef},wd:Q15637808,wdt:P793{URIRef}
wdt:P7982{Literal},64620,wdt:P7982{Literal}
wdt:P8034{Literal},495/107634,wdt:P8034{Literal}
wdt:P8050{Literal},queen-victoria,wdt:P8050{Literal}
wdt:P8168{Literal},Q234909,wdt:P8168{Literal}
wdt:P8172{Literal},dw.8872,wdt:P8172{Literal}
wdt:P8179{Literal},ncf10042100,wdt:P8179{Literal}
wdt:P8189{Literal},987007269588405171,wdt:P8189{Literal}
wdt:P8313{Literal},Victoria_-_dronning_af_Storbritannien_og_Irland_og_kejserinde_af_Indien,wdt:P8313{Literal}
wdt:P8317{Literal},1618,wdt:P8317{Literal}
wdt:P8408{Literal},QueenVictoria,wdt:P8408{Literal}
wdt:P85{URIRef},wd:Q40807,wdt:P85{URIRef}
wdt:P8589{Literal},A003261,wdt:P8589{Literal}
wdt:P8750{Literal},276584,wdt:P8750{Literal}
wdt:P8783{Literal},3962,wdt:P8783{Literal}
wdt:P8795{Literal},49351,wdt:P8795{Literal}
wdt:P8814{Literal},11385852-n,wdt:P8814{Literal}
wdt:P8826{Literal},H0013666,wdt:P8826{Literal}
wdt:P8851{Literal},24754535,wdt:P8851{Literal}
wdt:P8902{Literal},people/61016,wdt:P8902{Literal}
wdt:P8947{Literal},180478,wdt:P8947{Literal}
wdt:P8980{Literal},000120100,wdt:P8980{Literal}
wdt:P9037{Literal},c43e9680-8e9b-4d67-aad3-89a558580ce9,wdt:P9037{Literal}
wdt:P906{Literal},205997,wdt:P906{Literal}
wdt:P910{URIRef},wd:Q6157016,wdt:P910{URIRef}
wdt:P9223{Literal},1882c9f6-292e-4b1e-9c9e-57932f4ac5a4,wdt:P9223{Literal}
wdt:P935{Literal},Victoria of the United Kingdom,wdt:P935{Literal}
wdt:P9371{Literal},167811198,wdt:P9371{Literal}
wdt:P94{URIRef},http://commons.wikimedia.org/wiki/Special:FilePath/Coat%20of%20arms%20of%20the%20United%20Kingdom%20%281837-1952%29.svg,wdt:P94{URIRef}
wdt:P949{Literal},000137847,wdt:P949{Literal}
wdt:P9493{URIRef},wd:Q5503390,wdt:P9493{URIRef}
wdt:P9495{Literal},A32531F5-33A1-4CF7-8BF0-7288C077A0C6,wdt:P9495{Literal}
wdt:P950{Literal},XX979643,wdt:P950{Literal}
wdt:P9534{Literal},22778,wdt:P9534{Literal}
wdt:P97{URIRef}[0],wd:Q5352166,wdt:P97{URIRef}[0]
wdt:P97{URIRef}[1],wd:Q579431,wdt:P97{URIRef}[1]
wdt:P97{URIRef}[2],wd:Q9134365,wdt:P97{URIRef}[2]
wdt:P989{URIRef},http://commons.wikimedia.org/wiki/Special:FilePath/En-Queen%20Victoria-article.ogg,wdt:P989{URIRef}
wdt:P9943{Literal},person/712495707928,wdt:P9943{Literal}
wdt:P9984{Literal},981058530077006706,wdt:P9984{Literal}
entity,wd:Q9439,entity
